time,x,y,z,yaw,setpoint_x,setpoint_y,setpoint_z,setpoint_yaw,setpoint_speed,current_speed,mode
0.064,-3.612,-1.301,0.410,0.000,-3.612,-1.301,10.000,1.467,0.200,0.000,CIRCLE
0.096,-3.612,-1.301,0.412,0.001,-3.612,-1.301,10.000,2.200,0.200,0.007,CIRCLE
0.128,-3.611,-1.301,0.416,0.003,-3.612,-1.301,10.000,2.934,0.200,0.009,CIRCLE
0.160,-3.611,-1.301,0.421,0.005,-3.612,-1.301,10.000,3.667,0.200,0.013,CIRCLE
0.192,-3.610,-1.301,0.427,0.008,-3.612,-1.301,10.000,4.400,0.200,0.016,CIRCLE
0.224,-3.610,-1.301,0.435,0.011,-3.612,-1.301,10.000,5.134,0.200,0.019,CIRCLE
0.256,-3.609,-1.302,0.443,0.015,-3.612,-1.301,10.000,5.867,0.200,0.023,CIRCLE
0.288,-3.608,-1.302,0.453,0.019,-3.612,-1.301,10.000,6.600,0.200,0.026,CIRCLE
0.320,-3.607,-1.302,0.464,0.024,-3.612,-1.301,10.000,7.334,0.200,0.029,CIRCLE
0.352,-3.606,-1.302,0.477,0.030,-3.612,-1.301,10.000,8.067,0.200,0.032,CIRCLE
0.384,-3.605,-1.302,0.490,0.036,-3.612,-1.301,10.000,8.801,0.200,0.036,CIRCLE
0.416,-3.604,-1.302,0.504,0.043,-3.612,-1.301,10.000,9.534,0.200,0.039,CIRCLE
0.448,-3.602,-1.303,0.519,0.050,-3.612,-1.301,10.000,10.267,0.200,0.042,CIRCLE
0.480,-3.601,-1.303,0.536,0.057,-3.612,-1.301,10.000,11.001,0.200,0.045,CIRCLE
0.512,-3.599,-1.303,0.553,0.065,-3.612,-1.301,10.000,11.734,0.200,0.048,CIRCLE
0.544,-3.598,-1.303,0.571,0.074,-3.612,-1.301,10.000,12.468,0.200,0.051,CIRCLE
0.576,-3.596,-1.303,0.590,0.082,-3.612,-1.301,10.000,13.201,0.200,0.053,CIRCLE
0.608,-3.594,-1.304,0.610,0.091,-3.612,-1.301,10.000,13.934,0.200,0.056,CIRCLE
0.640,-3.592,-1.304,0.630,0.101,-3.612,-1.301,10.000,14.668,0.200,0.058,CIRCLE
0.672,-3.590,-1.304,0.652,0.111,-3.612,-1.301,10.000,15.401,0.200,0.060,CIRCLE
0.704,-3.588,-1.304,0.674,0.121,-3.612,-1.301,10.000,16.135,0.200,0.063,CIRCLE
0.736,-3.586,-1.305,0.697,0.131,-3.612,-1.301,10.000,16.868,0.200,0.065,CIRCLE
0.768,-3.584,-1.305,0.721,0.142,-3.612,-1.301,10.000,17.601,0.200,0.067,CIRCLE
0.800,-3.582,-1.305,0.746,0.152,-3.612,-1.301,10.000,18.335,0.200,0.069,CIRCLE
0.832,-3.579,-1.305,0.771,0.163,-3.612,-1.301,10.000,19.068,0.200,0.071,CIRCLE
0.864,-3.577,-1.306,0.797,0.175,-3.612,-1.301,10.000,19.801,0.200,0.072,CIRCLE
0.896,-3.575,-1.306,0.823,0.186,-3.612,-1.301,10.000,20.535,0.200,0.074,CIRCLE
0.928,-3.572,-1.306,0.850,0.198,-3.612,-1.301,10.000,21.268,0.200,0.076,CIRCLE
0.960,-3.569,-1.306,0.878,0.210,-3.612,-1.301,10.000,22.002,0.200,0.077,CIRCLE
0.992,-3.567,-1.307,0.906,0.222,-3.612,-1.301,10.000,22.735,0.200,0.078,CIRCLE
1.024,-3.564,-1.307,0.935,0.234,-3.612,-1.301,10.000,23.468,0.200,0.079,CIRCLE
1.056,-3.561,-1.307,0.964,0.246,-3.612,-1.301,10.000,24.202,0.200,0.081,CIRCLE
1.088,-3.559,-1.307,0.994,0.259,-3.612,-1.301,10.000,24.935,0.200,0.081,CIRCLE
1.120,-3.556,-1.308,1.025,0.271,-3.612,-1.301,10.000,25.669,0.200,0.082,CIRCLE
1.152,-3.553,-1.308,1.055,0.284,-3.612,-1.301,10.000,26.402,0.200,0.083,CIRCLE
1.184,-3.550,-1.308,1.087,0.297,-3.612,-1.301,10.000,27.135,0.200,0.083,CIRCLE
1.216,-3.547,-1.308,1.118,0.310,-3.612,-1.301,10.000,27.869,0.200,0.084,CIRCLE
1.248,-3.544,-1.308,1.150,0.323,-3.612,-1.301,10.000,28.602,0.200,0.084,CIRCLE
1.280,-3.542,-1.308,1.183,0.337,-3.612,-1.301,10.000,29.335,0.200,0.085,CIRCLE
1.312,-3.539,-1.309,1.216,0.350,-3.612,-1.301,10.000,30.069,0.200,0.085,CIRCLE
1.344,-3.536,-1.309,1.249,0.364,-3.612,-1.301,10.000,30.802,0.200,0.085,CIRCLE
1.376,-3.533,-1.309,1.282,0.377,-3.612,-1.301,10.000,31.536,0.200,0.086,CIRCLE
1.408,-3.530,-1.309,1.316,0.391,-3.612,-1.301,10.000,32.269,0.200,0.086,CIRCLE
1.440,-3.527,-1.309,1.350,0.404,-3.612,-1.301,10.000,33.002,0.200,0.086,CIRCLE
1.472,-3.524,-1.309,1.385,0.418,-3.612,-1.301,10.000,33.736,0.200,0.086,CIRCLE
1.504,-3.520,-1.309,1.420,0.432,-3.612,-1.301,10.000,34.469,0.200,0.086,CIRCLE
1.536,-3.517,-1.309,1.455,0.445,-3.612,-1.301,10.000,35.203,0.200,0.087,CIRCLE
1.568,-3.514,-1.309,1.491,0.459,-3.612,-1.301,10.000,35.936,0.200,0.087,CIRCLE
1.600,-3.511,-1.309,1.526,0.473,-3.612,-1.301,10.000,36.669,0.200,0.087,CIRCLE
1.632,-3.508,-1.309,1.562,0.487,-3.612,-1.301,10.000,37.403,0.200,0.088,CIRCLE
1.664,-3.505,-1.309,1.599,0.500,-3.612,-1.301,10.000,38.136,0.200,0.088,CIRCLE
1.696,-3.502,-1.309,1.635,0.514,-3.612,-1.301,10.000,38.869,0.200,0.089,CIRCLE
1.728,-3.498,-1.309,1.672,0.528,-3.612,-1.301,10.000,39.603,0.200,0.089,CIRCLE
1.760,-3.495,-1.309,1.709,0.542,-3.612,-1.301,10.000,40.336,0.200,0.090,CIRCLE
1.792,-3.492,-1.309,1.747,0.556,-3.612,-1.301,10.000,41.070,0.200,0.090,CIRCLE
1.824,-3.488,-1.309,1.784,0.570,-3.612,-1.301,10.000,41.803,0.200,0.091,CIRCLE
1.856,-3.485,-1.308,1.822,0.584,-3.612,-1.301,10.000,42.536,0.200,0.092,CIRCLE
1.888,-3.481,-1.308,1.860,0.598,-3.612,-1.301,10.000,43.270,0.200,0.093,CIRCLE
1.920,-3.478,-1.308,1.898,0.612,-3.612,-1.301,10.000,44.003,0.200,0.094,CIRCLE
1.952,-3.474,-1.308,1.937,0.626,-3.612,-1.301,10.000,44.737,0.200,0.095,CIRCLE
1.984,-3.471,-1.308,1.976,0.640,-3.612,-1.301,10.000,45.470,0.200,0.095,CIRCLE
2.016,-3.467,-1.307,2.015,0.654,-3.612,-1.301,10.000,46.203,0.200,0.096,CIRCLE
2.048,-3.463,-1.307,2.054,0.668,-3.612,-1.301,10.000,46.937,0.200,0.097,CIRCLE
2.080,-3.459,-1.307,2.093,0.682,-3.612,-1.301,10.000,47.670,0.200,0.098,CIRCLE
2.112,-3.456,-1.307,2.133,0.696,-3.612,-1.301,10.000,48.404,0.200,0.099,CIRCLE
2.144,-3.452,-1.306,2.173,0.710,-3.612,-1.301,10.000,49.137,0.200,0.100,CIRCLE
2.176,-3.448,-1.306,2.213,0.724,-3.612,-1.301,10.000,49.870,0.200,0.100,CIRCLE
2.208,-3.444,-1.305,2.253,0.738,-3.612,-1.301,10.000,50.604,0.200,0.101,CIRCLE
2.240,-3.440,-1.305,2.294,0.752,-3.612,-1.301,10.000,51.337,0.200,0.102,CIRCLE
2.272,-3.436,-1.304,2.334,0.766,-3.612,-1.301,10.000,52.070,0.200,0.102,CIRCLE
2.304,-3.431,-1.304,2.375,0.779,-3.612,-1.301,10.000,52.804,0.200,0.103,CIRCLE
2.336,-3.427,-1.304,2.416,0.793,-3.612,-1.301,10.000,53.537,0.200,0.103,CIRCLE
2.368,-3.423,-1.303,2.457,0.807,-3.612,-1.301,10.000,54.271,0.200,0.103,CIRCLE
2.400,-3.419,-1.302,2.498,0.821,-3.612,-1.301,10.000,55.004,0.200,0.103,CIRCLE
2.432,-3.414,-1.302,2.539,0.835,-3.612,-1.301,10.000,55.737,0.200,0.104,CIRCLE
2.464,-3.410,-1.301,2.581,0.849,-3.612,-1.301,10.000,56.471,0.200,0.104,CIRCLE
2.496,-3.406,-1.301,2.622,0.863,-3.612,-1.301,10.000,57.204,0.200,0.103,CIRCLE
2.528,-3.402,-1.300,2.664,0.877,-3.612,-1.301,10.000,57.938,0.200,0.103,CIRCLE
2.560,-3.397,-1.299,2.706,0.891,-3.612,-1.301,10.000,58.671,0.200,0.103,CIRCLE
2.592,-3.393,-1.298,2.747,0.905,-3.612,-1.301,10.000,59.404,0.200,0.103,CIRCLE
2.624,-3.388,-1.298,2.789,0.919,-3.612,-1.301,10.000,60.138,0.200,0.102,CIRCLE
2.656,-3.384,-1.297,2.831,0.933,-3.612,-1.301,10.000,60.871,0.200,0.102,CIRCLE
2.688,-3.380,-1.296,2.874,0.947,-3.612,-1.301,10.000,61.604,0.200,0.101,CIRCLE
2.720,-3.375,-1.295,2.916,0.960,-3.612,-1.301,10.000,62.338,0.200,0.101,CIRCLE
2.752,-3.371,-1.294,2.958,0.974,-3.612,-1.301,10.000,63.071,0.200,0.100,CIRCLE
2.784,-3.367,-1.293,3.001,0.988,-3.612,-1.301,10.000,63.805,0.200,0.100,CIRCLE
2.816,-3.363,-1.292,3.043,1.002,-3.612,-1.301,10.000,64.538,0.200,0.099,CIRCLE
2.848,-3.358,-1.291,3.086,1.016,-3.612,-1.301,10.000,65.271,0.200,0.099,CIRCLE
2.880,-3.354,-1.290,3.129,1.030,-3.612,-1.301,10.000,66.005,0.200,0.099,CIRCLE
2.912,-3.350,-1.289,3.171,1.043,-3.612,-1.301,10.000,66.738,0.200,0.098,CIRCLE
2.944,-3.345,-1.287,3.214,1.057,-3.612,-1.301,10.000,67.472,0.200,0.098,CIRCLE
2.976,-3.341,-1.286,3.257,1.071,-3.612,-1.301,10.000,68.205,0.200,0.098,CIRCLE
3.008,-3.337,-1.285,3.300,1.085,-3.612,-1.301,10.000,68.938,0.200,0.098,CIRCLE
3.040,-3.332,-1.284,3.343,1.099,-3.612,-1.301,10.000,69.672,0.200,0.098,CIRCLE
3.072,-3.328,-1.282,3.387,1.112,-3.612,-1.301,10.000,70.405,0.200,0.098,CIRCLE
3.104,-3.324,-1.281,3.430,1.126,-3.612,-1.301,10.000,71.138,0.200,0.098,CIRCLE
3.136,-3.319,-1.279,3.473,1.140,-3.612,-1.301,10.000,71.872,0.200,0.098,CIRCLE
3.168,-3.315,-1.278,3.517,1.154,-3.612,-1.301,10.000,72.605,0.200,0.098,CIRCLE
3.200,-3.311,-1.276,3.561,1.167,-3.612,-1.301,10.000,73.339,0.200,0.098,CIRCLE
3.232,-3.306,-1.275,3.604,1.181,-3.612,-1.301,10.000,74.072,0.200,0.098,CIRCLE
3.264,-3.302,-1.273,3.648,1.195,-3.612,-1.301,10.000,74.805,0.200,0.099,CIRCLE
3.296,-3.297,-1.272,3.692,1.209,-3.612,-1.301,10.000,75.539,0.200,0.099,CIRCLE
3.328,-3.293,-1.270,3.736,1.223,-3.612,-1.301,10.000,76.272,0.200,0.099,CIRCLE
3.360,-3.288,-1.268,3.780,1.236,-3.612,-1.301,10.000,77.006,0.200,0.099,CIRCLE
3.392,-3.284,-1.266,3.825,1.250,-3.612,-1.301,10.000,77.739,0.200,0.100,CIRCLE
3.424,-3.279,-1.264,3.869,1.264,-3.612,-1.301,10.000,78.472,0.200,0.100,CIRCLE
3.456,-3.274,-1.262,3.913,1.277,-3.612,-1.301,10.000,79.206,0.200,0.100,CIRCLE
3.488,-3.270,-1.260,3.958,1.291,-3.612,-1.301,10.000,79.939,0.200,0.100,CIRCLE
3.520,-3.265,-1.258,4.003,1.305,-3.612,-1.301,10.000,80.673,0.200,0.100,CIRCLE
3.552,-3.260,-1.256,4.047,1.318,-3.612,-1.301,10.000,81.406,0.200,0.100,CIRCLE
3.584,-3.255,-1.254,4.092,1.332,-3.612,-1.301,10.000,82.139,0.200,0.100,CIRCLE
3.616,-3.250,-1.252,4.137,1.346,-3.612,-1.301,10.000,82.873,0.200,0.100,CIRCLE
3.648,-3.245,-1.250,4.182,1.359,-3.612,-1.301,10.000,83.606,0.200,0.100,CIRCLE
3.680,-3.240,-1.247,4.227,1.373,-3.612,-1.301,10.000,84.339,0.200,0.100,CIRCLE
3.712,-3.235,-1.245,4.272,1.386,-3.612,-1.301,10.000,85.073,0.200,0.100,CIRCLE
3.744,-3.231,-1.243,4.317,1.400,-3.612,-1.301,10.000,85.806,0.200,0.099,CIRCLE
3.776,-3.226,-1.240,4.362,1.414,-3.612,-1.301,10.000,86.540,0.200,0.099,CIRCLE
3.808,-3.221,-1.238,4.407,1.427,-3.612,-1.301,10.000,87.273,0.200,0.098,CIRCLE
3.840,-3.216,-1.235,4.453,1.441,-3.612,-1.301,10.000,88.006,0.200,0.098,CIRCLE
3.872,-3.211,-1.233,4.498,1.455,-3.612,-1.301,10.000,88.740,0.200,0.097,CIRCLE
3.904,-3.206,-1.230,4.544,1.468,-3.612,-1.301,10.000,89.473,0.200,0.097,CIRCLE
3.936,-3.201,-1.228,4.589,1.482,-3.612,-1.301,10.000,90.207,0.200,0.096,CIRCLE
3.968,-3.196,-1.225,4.634,1.495,-3.612,-1.301,10.000,90.940,0.200,0.096,CIRCLE
4.000,-3.191,-1.222,4.680,1.509,-3.612,-1.301,10.000,91.673,0.200,0.095,CIRCLE
4.032,-3.186,-1.219,4.726,1.523,-3.612,-1.301,10.000,92.407,0.200,0.094,CIRCLE
4.064,-3.181,-1.217,4.771,1.536,-3.612,-1.301,10.000,93.140,0.200,0.094,CIRCLE
4.096,-3.177,-1.214,4.817,1.550,-3.612,-1.301,10.000,93.873,0.200,0.093,CIRCLE
4.128,-3.172,-1.211,4.863,1.563,-3.612,-1.301,10.000,94.607,0.200,0.093,CIRCLE
4.160,-3.167,-1.208,4.909,1.577,-3.612,-1.301,10.000,95.340,0.200,0.092,CIRCLE
4.192,-3.162,-1.205,4.954,1.590,-3.612,-1.301,10.000,96.074,0.200,0.092,CIRCLE
4.224,-3.158,-1.202,5.000,1.604,-3.612,-1.301,10.000,96.807,0.200,0.091,CIRCLE
4.256,-3.153,-1.199,5.046,1.617,-3.612,-1.301,10.000,97.540,0.200,0.091,CIRCLE
4.288,-3.149,-1.195,5.092,1.631,-3.612,-1.301,10.000,98.274,0.200,0.090,CIRCLE
4.320,-3.144,-1.192,5.138,1.644,-3.612,-1.301,10.000,99.007,0.200,0.090,CIRCLE
4.352,-3.140,-1.189,5.185,1.658,-3.612,-1.301,10.000,99.741,0.200,0.090,CIRCLE
4.384,-3.135,-1.186,5.231,1.671,-3.612,-1.301,10.000,100.474,0.200,0.090,CIRCLE
4.416,-3.131,-1.182,5.277,1.685,-3.612,-1.301,10.000,101.207,0.200,0.089,CIRCLE
4.448,-3.127,-1.179,5.323,1.698,-3.612,-1.301,10.000,101.941,0.200,0.089,CIRCLE
4.480,-3.122,-1.175,5.370,1.712,-3.612,-1.301,10.000,102.674,0.200,0.089,CIRCLE
4.512,-3.118,-1.172,5.416,1.725,-3.612,-1.301,10.000,103.408,0.200,0.089,CIRCLE
4.544,-3.114,-1.168,5.463,1.739,-3.612,-1.301,10.000,104.141,0.200,0.089,CIRCLE
4.576,-3.109,-1.164,5.509,1.752,-3.612,-1.301,10.000,104.874,0.200,0.088,CIRCLE
4.608,-3.105,-1.161,5.556,1.766,-3.612,-1.301,10.000,105.608,0.200,0.088,CIRCLE
4.640,-3.101,-1.157,5.603,1.779,-3.612,-1.301,10.000,106.341,0.200,0.088,CIRCLE
4.672,-3.096,-1.153,5.649,1.793,-3.612,-1.301,10.000,107.074,0.200,0.088,CIRCLE
4.704,-3.092,-1.149,5.696,1.806,-3.612,-1.301,10.000,107.808,0.200,0.088,CIRCLE
4.736,-3.088,-1.145,5.743,1.820,-3.612,-1.301,10.000,108.541,0.200,0.088,CIRCLE
4.768,-3.083,-1.141,5.790,1.833,-3.612,-1.301,10.000,109.275,0.200,0.087,CIRCLE
4.800,-3.079,-1.137,5.837,1.847,-3.612,-1.301,10.000,110.008,0.200,0.087,CIRCLE
4.832,-3.075,-1.133,5.884,1.860,-3.612,-1.301,10.000,110.741,0.200,0.087,CIRCLE
4.864,-3.070,-1.129,5.931,1.873,-3.612,-1.301,10.000,111.475,0.200,0.086,CIRCLE
4.896,-3.066,-1.124,5.979,1.887,-3.612,-1.301,10.000,112.208,0.200,0.086,CIRCLE
4.928,-3.062,-1.120,6.026,1.900,-3.612,-1.301,10.000,112.942,0.200,0.085,CIRCLE
4.960,-3.057,-1.115,6.073,1.914,-3.612,-1.301,10.000,113.675,0.200,0.085,CIRCLE
4.992,-3.053,-1.111,6.121,1.927,-3.612,-1.301,10.000,114.408,0.200,0.084,CIRCLE
5.024,-3.049,-1.106,6.168,1.940,-3.612,-1.301,10.000,115.142,0.200,0.084,CIRCLE
5.056,-3.044,-1.102,6.216,1.954,-3.612,-1.301,10.000,115.875,0.200,0.083,CIRCLE
5.088,-3.040,-1.097,6.263,1.967,-3.612,-1.301,10.000,116.608,0.200,0.083,CIRCLE
5.120,-3.036,-1.092,6.311,1.981,-3.612,-1.301,10.000,117.342,0.200,0.082,CIRCLE
5.152,-3.031,-1.088,6.359,1.994,-3.612,-1.301,10.000,118.075,0.200,0.081,CIRCLE
5.184,-3.027,-1.083,6.406,2.007,-3.612,-1.301,10.000,118.809,0.200,0.081,CIRCLE
5.216,-3.023,-1.078,6.454,2.021,-3.612,-1.301,10.000,119.542,0.200,0.080,CIRCLE
5.248,-3.019,-1.073,6.502,2.034,-3.612,-1.301,10.000,120.275,0.200,0.080,CIRCLE
5.280,-3.015,-1.068,6.549,2.047,-3.612,-1.301,10.000,121.009,0.200,0.079,CIRCLE
5.312,-3.011,-1.063,6.597,2.061,-3.612,-1.301,10.000,121.742,0.200,0.078,CIRCLE
5.344,-3.007,-1.058,6.645,2.074,-3.612,-1.301,10.000,122.476,0.200,0.078,CIRCLE
5.376,-3.003,-1.053,6.693,2.087,-3.612,-1.301,10.000,123.209,0.200,0.077,CIRCLE
5.408,-2.999,-1.048,6.741,2.101,-3.612,-1.301,10.000,123.942,0.200,0.077,CIRCLE
5.440,-2.995,-1.043,6.789,2.114,-3.612,-1.301,10.000,124.676,0.200,0.077,CIRCLE
5.472,-2.991,-1.037,6.837,2.127,-3.612,-1.301,10.000,125.409,0.200,0.076,CIRCLE
5.504,-2.988,-1.032,6.885,2.141,-3.612,-1.301,10.000,126.142,0.200,0.076,CIRCLE
5.536,-2.984,-1.027,6.933,2.154,-3.612,-1.301,10.000,126.876,0.200,0.076,CIRCLE
5.568,-2.981,-1.022,6.982,2.167,-3.612,-1.301,10.000,127.609,0.200,0.075,CIRCLE
5.600,-2.977,-1.016,7.030,2.181,-3.612,-1.301,10.000,128.343,0.200,0.075,CIRCLE
5.632,-2.974,-1.011,7.078,2.194,-3.612,-1.301,10.000,129.076,0.200,0.075,CIRCLE
5.664,-2.971,-1.006,7.127,2.207,-3.612,-1.301,10.000,129.809,0.200,0.075,CIRCLE
5.696,-2.967,-1.000,7.175,2.221,-3.612,-1.301,10.000,130.543,0.200,0.075,CIRCLE
5.728,-2.964,-0.995,7.223,2.234,-3.612,-1.301,10.000,131.276,0.200,0.074,CIRCLE
5.760,-2.961,-0.989,7.272,2.247,-3.612,-1.301,10.000,132.010,0.200,0.074,CIRCLE
5.792,-2.958,-0.984,7.321,2.261,-3.612,-1.301,10.000,132.743,0.200,0.074,CIRCLE
5.824,-2.955,-0.978,7.369,2.274,-3.612,-1.301,10.000,133.476,0.200,0.074,CIRCLE
5.856,-2.952,-0.972,7.418,2.287,-3.612,-1.301,10.000,134.210,0.200,0.074,CIRCLE
5.888,-2.950,-0.967,7.467,2.301,-3.612,-1.301,10.000,134.943,0.200,0.074,CIRCLE
5.920,-2.947,-0.961,7.515,2.314,-3.612,-1.301,10.000,135.677,0.200,0.073,CIRCLE
5.952,-2.944,-0.955,7.564,2.327,-3.612,-1.301,10.000,136.410,0.200,0.073,CIRCLE
5.984,-2.941,-0.949,7.613,2.340,-3.612,-1.301,10.000,137.143,0.200,0.073,CIRCLE
6.016,-2.939,-0.943,7.662,2.354,-3.612,-1.301,10.000,137.877,0.200,0.072,CIRCLE
6.048,-2.936,-0.938,7.711,2.367,-3.612,-1.301,10.000,138.610,0.200,0.072,CIRCLE
6.080,-2.934,-0.932,7.760,2.380,-3.612,-1.301,10.000,139.343,0.200,0.071,CIRCLE
6.112,-2.931,-0.926,7.809,2.393,-3.612,-1.301,10.000,140.077,0.200,0.071,CIRCLE
6.144,-2.929,-0.919,7.859,2.407,-3.612,-1.301,10.000,140.810,0.200,0.070,CIRCLE
6.176,-2.926,-0.913,7.907,2.420,-3.612,-1.301,10.000,141.544,0.200,0.069,CIRCLE
6.208,-2.924,-0.907,7.956,2.433,-3.612,-1.301,10.000,142.277,0.200,0.069,CIRCLE
6.240,-2.922,-0.901,8.005,2.446,-3.612,-1.301,10.000,143.010,0.200,0.068,CIRCLE
6.272,-2.919,-0.895,8.053,2.459,-3.612,-1.301,10.000,143.744,0.200,0.067,CIRCLE
6.304,-2.917,-0.888,8.100,2.473,-3.612,-1.301,10.000,144.477,0.200,0.066,CIRCLE
6.336,-2.915,-0.882,8.147,2.486,-3.612,-1.301,10.000,145.211,0.200,0.066,CIRCLE
6.368,-2.912,-0.875,8.194,2.499,-3.612,-1.301,10.000,145.944,0.200,0.065,CIRCLE
6.400,-2.910,-0.869,8.240,2.512,-3.612,-1.301,10.000,146.677,0.200,0.064,CIRCLE
6.432,-2.908,-0.862,8.286,2.526,-3.612,-1.301,10.000,147.411,0.200,0.063,CIRCLE
6.464,-2.906,-0.856,8.331,2.539,-3.612,-1.301,10.000,148.144,0.200,0.063,CIRCLE
6.496,-2.904,-0.849,8.376,2.552,-3.612,-1.301,10.000,148.877,0.200,0.062,CIRCLE
6.528,-2.902,-0.842,8.420,2.565,-3.612,-1.301,10.000,149.611,0.200,0.061,CIRCLE
6.560,-2.900,-0.835,8.463,2.579,-3.612,-1.301,10.000,150.344,0.200,0.061,CIRCLE
6.592,-2.898,-0.829,8.506,2.592,-3.612,-1.301,10.000,151.078,0.200,0.060,CIRCLE
6.624,-2.896,-0.822,8.549,2.605,-3.612,-1.301,10.000,151.811,0.200,0.060,CIRCLE
6.656,-2.894,-0.815,8.590,2.618,-3.612,-1.301,10.000,152.544,0.200,0.060,CIRCLE
6.688,-2.893,-0.808,8.632,2.631,-3.612,-1.301,10.000,153.278,0.200,0.060,CIRCLE
6.720,-2.891,-0.802,8.672,2.644,-3.612,-1.301,10.000,154.011,0.200,0.060,CIRCLE
6.752,-2.890,-0.795,8.712,2.658,-3.612,-1.301,10.000,154.745,0.200,0.060,CIRCLE
6.784,-2.888,-0.788,8.752,2.671,-3.612,-1.301,10.000,155.478,0.200,0.060,CIRCLE
6.816,-2.887,-0.781,8.791,2.684,-3.612,-1.301,10.000,156.211,0.200,0.060,CIRCLE
6.848,-2.886,-0.774,8.830,2.697,-3.612,-1.301,10.000,156.945,0.200,0.060,CIRCLE
6.880,-2.885,-0.768,8.868,2.710,-3.612,-1.301,10.000,157.678,0.200,0.061,CIRCLE
6.912,-2.884,-0.761,8.906,2.723,-3.612,-1.301,10.000,158.412,0.200,0.061,CIRCLE
6.944,-2.884,-0.754,8.943,2.737,-3.612,-1.301,10.000,159.145,0.200,0.061,CIRCLE
6.976,-2.883,-0.747,8.980,2.750,-3.612,-1.301,10.000,159.878,0.200,0.062,CIRCLE
7.008,-2.882,-0.740,9.017,2.763,-3.612,-1.301,10.000,160.612,0.200,0.062,CIRCLE
7.040,-2.882,-0.734,9.053,2.776,-3.612,-1.301,10.000,161.345,0.200,0.063,CIRCLE
7.072,-2.882,-0.727,9.088,2.789,-3.612,-1.301,10.000,162.078,0.200,0.063,CIRCLE
7.104,-2.881,-0.720,9.123,2.803,-3.612,-1.301,10.000,162.812,0.200,0.063,CIRCLE
7.136,-2.881,-0.713,9.158,2.816,-3.612,-1.301,10.000,163.545,0.200,0.063,CIRCLE
7.168,-2.881,-0.707,9.193,2.829,-3.612,-1.301,10.000,164.279,0.200,0.064,CIRCLE
7.200,-2.881,-0.700,9.227,2.842,-3.612,-1.301,10.000,165.012,0.200,0.064,CIRCLE
7.232,-2.881,-0.693,9.260,2.855,-3.612,-1.301,10.000,165.745,0.200,0.064,CIRCLE
7.264,-2.882,-0.686,9.294,2.868,-3.612,-1.301,10.000,166.479,0.200,0.063,CIRCLE
7.296,-2.882,-0.680,9.326,2.881,-3.612,-1.301,10.000,167.212,0.200,0.063,CIRCLE
7.328,-2.882,-0.673,9.359,2.895,-3.612,-1.301,10.000,167.946,0.200,0.063,CIRCLE
7.360,-2.883,-0.666,9.391,2.908,-3.612,-1.301,10.000,168.679,0.200,0.062,CIRCLE
7.392,-2.883,-0.659,9.423,2.921,-3.612,-1.301,10.000,169.412,0.200,0.062,CIRCLE
7.424,-2.884,-0.652,9.454,2.934,-3.612,-1.301,10.000,170.146,0.200,0.061,CIRCLE
7.456,-2.884,-0.646,9.486,2.947,-3.612,-1.301,10.000,170.879,0.200,0.060,CIRCLE
7.488,-2.885,-0.639,9.516,2.960,-3.612,-1.301,10.000,171.612,0.200,0.059,CIRCLE
7.520,-2.886,-0.632,9.547,2.973,-3.612,-1.301,10.000,172.346,0.200,0.058,CIRCLE
7.552,-2.886,-0.625,9.577,2.986,-3.612,-1.301,10.000,173.079,0.200,0.057,CIRCLE
7.584,-2.887,-0.618,9.606,2.999,-3.612,-1.301,10.000,173.813,0.200,0.056,CIRCLE
7.616,-2.888,-0.611,9.636,3.012,-3.612,-1.301,10.000,174.546,0.200,0.055,CIRCLE
7.648,-2.889,-0.604,9.665,3.026,-3.612,-1.301,10.000,175.279,0.200,0.054,CIRCLE
7.680,-2.890,-0.597,9.694,3.039,-3.612,-1.301,10.000,176.013,0.200,0.053,CIRCLE
7.712,-2.891,-0.590,9.722,3.052,-3.612,-1.301,10.000,176.746,0.200,0.052,CIRCLE
7.744,-2.892,-0.583,9.750,3.065,-3.612,-1.301,10.000,177.480,0.200,0.051,CIRCLE
7.776,-2.893,-0.576,9.778,3.078,-3.612,-1.301,10.000,178.213,0.200,0.050,CIRCLE
7.808,-2.895,-0.569,9.805,3.091,-3.612,-1.301,10.000,178.946,0.200,0.049,CIRCLE
7.840,-2.896,-0.562,9.833,3.104,-3.612,-1.301,10.000,179.680,0.200,0.049,CIRCLE
7.872,-2.897,-0.555,9.859,3.117,-3.612,-1.301,10.000,-179.587,0.200,0.048,CIRCLE
7.904,-2.899,-0.548,9.886,3.131,-3.612,-1.301,10.000,-178.854,0.200,0.048,CIRCLE
7.936,-2.900,-0.541,9.912,-3.140,-3.612,-1.301,10.000,-178.120,0.200,0.047,CIRCLE
7.968,-2.902,-0.534,9.938,-3.127,-3.612,-1.301,10.000,-177.387,0.200,0.047,CIRCLE
8.000,-2.903,-0.527,9.964,-3.113,-3.612,-1.301,10.000,-176.653,0.200,0.047,CIRCLE
8.032,-2.905,-0.520,9.990,-3.100,-3.612,-1.301,10.000,-175.920,0.200,0.047,CIRCLE
8.064,-2.907,-0.513,10.015,-3.087,-3.612,-1.301,10.000,-175.187,0.200,0.047,CIRCLE
8.096,-2.909,-0.506,10.040,-3.074,-3.612,-1.301,10.000,-174.453,0.200,0.048,CIRCLE
8.128,-2.911,-0.499,10.065,-3.061,-3.612,-1.301,10.000,-173.720,0.200,0.048,CIRCLE
8.160,-2.913,-0.492,10.089,-3.048,-3.612,-1.301,10.000,-172.986,0.200,0.049,CIRCLE
8.192,-2.916,-0.486,10.114,-3.035,-3.612,-1.301,10.000,-172.253,0.200,0.049,CIRCLE
8.224,-2.918,-0.479,10.138,-3.022,-3.612,-1.301,10.000,-171.520,0.200,0.050,CIRCLE
8.256,-2.921,-0.472,10.162,-3.009,-3.612,-1.301,10.000,-170.786,0.200,0.050,CIRCLE
8.288,-2.923,-0.466,10.185,-2.996,-3.612,-1.301,10.000,-170.053,0.200,0.051,CIRCLE
8.320,-2.926,-0.459,10.209,-2.983,-3.612,-1.301,10.000,-169.319,0.200,0.052,CIRCLE
8.352,-2.929,-0.453,10.232,-2.970,-3.612,-1.301,10.000,-168.586,0.200,0.052,CIRCLE
8.384,-2.932,-0.446,10.255,-2.957,-3.612,-1.301,10.000,-167.853,0.200,0.053,CIRCLE
8.416,-2.935,-0.440,10.278,-2.944,-3.612,-1.301,10.000,-167.119,0.200,0.053,CIRCLE
8.448,-2.938,-0.433,10.300,-2.931,-3.612,-1.301,10.000,-166.386,0.200,0.053,CIRCLE
8.480,-2.941,-0.427,10.323,-2.918,-3.612,-1.301,10.000,-165.653,0.200,0.054,CIRCLE
8.512,-2.944,-0.421,10.345,-2.904,-3.612,-1.301,10.000,-164.919,0.200,0.054,CIRCLE
8.544,-2.948,-0.414,10.367,-2.891,-3.612,-1.301,10.000,-164.186,0.200,0.054,CIRCLE
8.576,-2.951,-0.408,10.389,-2.878,-3.612,-1.301,10.000,-163.452,0.200,0.054,CIRCLE
8.608,-2.955,-0.402,10.410,-2.865,-3.612,-1.301,10.000,-162.719,0.200,0.054,CIRCLE
8.640,-2.958,-0.396,10.431,-2.852,-3.612,-1.301,10.000,-161.986,0.200,0.053,CIRCLE
8.672,-2.962,-0.390,10.453,-2.839,-3.612,-1.301,10.000,-161.252,0.200,0.053,CIRCLE
8.704,-2.966,-0.384,10.474,-2.826,-3.612,-1.301,10.000,-160.519,0.200,0.052,CIRCLE
8.736,-2.970,-0.378,10.494,-2.813,-3.612,-1.301,10.000,-159.785,0.200,0.052,CIRCLE
8.768,-2.973,-0.372,10.515,-2.800,-3.612,-1.301,10.000,-159.052,0.200,0.051,CIRCLE
8.800,-2.977,-0.366,10.535,-2.787,-3.612,-1.301,10.000,-158.319,0.200,0.050,CIRCLE
8.832,-2.981,-0.360,10.555,-2.774,-3.612,-1.301,10.000,-157.585,0.200,0.049,CIRCLE
8.864,-2.985,-0.354,10.575,-2.761,-3.612,-1.301,10.000,-156.852,0.200,0.048,CIRCLE
8.896,-2.989,-0.348,10.595,-2.748,-3.612,-1.301,10.000,-156.119,0.200,0.047,CIRCLE
8.928,-2.993,-0.342,10.614,-2.735,-3.612,-1.301,10.000,-155.385,0.200,0.045,CIRCLE
8.960,-2.998,-0.337,10.633,-2.722,-3.612,-1.301,10.000,-154.652,0.200,0.044,CIRCLE
8.992,-3.002,-0.331,10.652,-2.709,-3.612,-1.301,10.000,-153.918,0.200,0.043,CIRCLE
9.024,-3.006,-0.325,10.671,-2.696,-3.612,-1.301,10.000,-153.185,0.200,0.042,CIRCLE
9.056,-3.010,-0.319,10.690,-2.683,-3.612,-1.301,10.000,-152.452,0.200,0.041,CIRCLE
9.088,-3.015,-0.314,10.708,-2.670,-3.612,-1.301,10.000,-151.718,0.200,0.040,CIRCLE
9.120,-3.019,-0.308,10.727,-2.657,-3.612,-1.301,10.000,-150.985,0.200,0.039,CIRCLE
9.152,-3.023,-0.302,10.745,-2.644,-3.612,-1.301,10.000,-150.251,0.200,0.039,CIRCLE
9.184,-3.028,-0.297,10.762,-2.631,-3.612,-1.301,10.000,-149.518,0.200,0.038,CIRCLE
9.216,-3.033,-0.291,10.780,-2.618,-3.612,-1.301,10.000,-148.785,0.200,0.038,CIRCLE
9.248,-3.037,-0.286,10.798,-2.605,-3.612,-1.301,10.000,-148.051,0.200,0.037,CIRCLE
9.280,-3.042,-0.281,10.815,-2.592,-3.612,-1.301,10.000,-147.318,0.200,0.037,CIRCLE
9.312,-3.047,-0.275,10.832,-2.579,-3.612,-1.301,10.000,-146.585,0.200,0.037,CIRCLE
9.344,-3.051,-0.270,10.849,-2.566,-3.612,-1.301,10.000,-145.851,0.200,0.037,CIRCLE
9.376,-3.056,-0.265,10.866,-2.553,-3.612,-1.301,10.000,-145.118,0.200,0.038,CIRCLE
9.408,-3.061,-0.260,10.882,-2.540,-3.612,-1.301,10.000,-144.384,0.200,0.038,CIRCLE
9.440,-3.066,-0.255,10.899,-2.527,-3.612,-1.301,10.000,-143.651,0.200,0.038,CIRCLE
9.472,-3.072,-0.250,10.915,-2.514,-3.612,-1.301,10.000,-142.918,0.200,0.039,CIRCLE
9.504,-3.077,-0.245,10.932,-2.501,-3.612,-1.301,10.000,-142.184,0.200,0.040,CIRCLE
9.536,-3.082,-0.240,10.948,-2.488,-3.612,-1.301,10.000,-141.451,0.200,0.040,CIRCLE
9.568,-3.088,-0.235,10.964,-2.475,-3.612,-1.301,10.000,-140.717,0.200,0.041,CIRCLE
9.600,-3.093,-0.230,10.979,-2.462,-3.612,-1.301,10.000,-139.984,0.200,0.042,CIRCLE
9.632,-3.099,-0.226,10.995,-2.449,-3.612,-1.301,10.000,-139.251,0.200,0.042,CIRCLE
9.664,-3.104,-0.221,11.011,-2.436,-3.612,-1.301,10.000,-138.517,0.200,0.043,CIRCLE
9.696,-3.110,-0.217,11.026,-2.423,-3.612,-1.301,10.000,-137.784,0.200,0.044,CIRCLE
9.728,-3.116,-0.213,11.042,-2.410,-3.612,-1.301,10.000,-137.050,0.200,0.044,CIRCLE
9.760,-3.122,-0.208,11.057,-2.397,-3.612,-1.301,10.000,-136.317,0.200,0.045,CIRCLE
9.792,-3.128,-0.204,11.072,-2.384,-3.612,-1.301,10.000,-135.584,0.200,0.045,CIRCLE
9.824,-3.134,-0.200,11.087,-2.371,-3.612,-1.301,10.000,-134.850,0.200,0.046,CIRCLE
9.856,-3.140,-0.196,11.102,-2.358,-3.612,-1.301,10.000,-134.117,0.200,0.046,CIRCLE
9.888,-3.146,-0.192,11.116,-2.345,-3.612,-1.301,10.000,-133.384,0.200,0.046,CIRCLE
9.920,-3.152,-0.188,11.131,-2.332,-3.612,-1.301,10.000,-132.650,0.200,0.046,CIRCLE
9.952,-3.158,-0.185,11.145,-2.319,-3.612,-1.301,10.000,-131.917,0.200,0.046,CIRCLE
9.984,-3.164,-0.181,11.159,-2.307,-3.612,-1.301,10.000,-131.183,0.200,0.046,CIRCLE
10.016,-3.171,-0.177,11.173,-2.294,-3.612,-1.301,10.000,-130.450,0.200,0.045,CIRCLE
10.048,-3.177,-0.174,11.187,-2.281,-3.612,-1.301,10.000,-129.717,0.200,0.044,CIRCLE
10.080,-3.183,-0.170,11.201,-2.268,-3.612,-1.301,10.000,-128.983,0.200,0.044,CIRCLE
10.112,-3.190,-0.167,11.215,-2.255,-3.612,-1.301,10.000,-128.250,0.200,0.043,CIRCLE
10.144,-3.196,-0.164,11.228,-2.242,-3.612,-1.301,10.000,-127.516,0.200,0.042,CIRCLE
10.176,-3.202,-0.160,11.242,-2.229,-3.612,-1.301,10.000,-126.783,0.200,0.041,CIRCLE
10.208,-3.209,-0.157,11.255,-2.216,-3.612,-1.301,10.000,-126.050,0.200,0.040,CIRCLE
10.240,-3.215,-0.154,11.268,-2.203,-3.612,-1.301,10.000,-125.316,0.200,0.039,CIRCLE
10.272,-3.222,-0.151,11.281,-2.190,-3.612,-1.301,10.000,-124.583,0.200,0.038,CIRCLE
10.304,-3.228,-0.148,11.293,-2.177,-3.612,-1.301,10.000,-123.850,0.200,0.037,CIRCLE
10.336,-3.235,-0.145,11.306,-2.164,-3.612,-1.301,10.000,-123.116,0.200,0.036,CIRCLE
10.368,-3.241,-0.142,11.318,-2.151,-3.612,-1.301,10.000,-122.383,0.200,0.035,CIRCLE
10.400,-3.248,-0.139,11.331,-2.138,-3.612,-1.301,10.000,-121.649,0.200,0.034,CIRCLE
10.432,-3.254,-0.136,11.343,-2.125,-3.612,-1.301,10.000,-120.916,0.200,0.033,CIRCLE
10.464,-3.261,-0.134,11.355,-2.112,-3.612,-1.301,10.000,-120.183,0.200,0.033,CIRCLE
10.496,-3.267,-0.131,11.367,-2.099,-3.612,-1.301,10.000,-119.449,0.200,0.032,CIRCLE
10.528,-3.274,-0.128,11.378,-2.086,-3.612,-1.301,10.000,-118.716,0.200,0.032,CIRCLE
10.560,-3.280,-0.126,11.390,-2.073,-3.612,-1.301,10.000,-117.982,0.200,0.031,CIRCLE
10.592,-3.287,-0.124,11.401,-2.060,-3.612,-1.301,10.000,-117.249,0.200,0.031,CIRCLE
10.624,-3.293,-0.121,11.412,-2.047,-3.612,-1.301,10.000,-116.516,0.200,0.031,CIRCLE
10.656,-3.300,-0.119,11.424,-2.035,-3.612,-1.301,10.000,-115.782,0.200,0.031,CIRCLE
10.688,-3.307,-0.117,11.435,-2.022,-3.612,-1.301,10.000,-115.049,0.200,0.032,CIRCLE
10.720,-3.313,-0.115,11.446,-2.009,-3.612,-1.301,10.000,-114.315,0.200,0.032,CIRCLE
10.752,-3.320,-0.113,11.456,-1.996,-3.612,-1.301,10.000,-113.582,0.200,0.032,CIRCLE
10.784,-3.327,-0.111,11.467,-1.983,-3.612,-1.301,10.000,-112.849,0.200,0.033,CIRCLE
10.816,-3.334,-0.110,11.478,-1.970,-3.612,-1.301,10.000,-112.115,0.200,0.033,CIRCLE
10.848,-3.341,-0.108,11.488,-1.957,-3.612,-1.301,10.000,-111.382,0.200,0.034,CIRCLE
10.880,-3.347,-0.106,11.499,-1.944,-3.612,-1.301,10.000,-110.649,0.200,0.035,CIRCLE
10.912,-3.354,-0.105,11.509,-1.931,-3.612,-1.301,10.000,-109.915,0.200,0.036,CIRCLE
10.944,-3.361,-0.104,11.519,-1.918,-3.612,-1.301,10.000,-109.182,0.200,0.036,CIRCLE
10.976,-3.368,-0.103,11.529,-1.905,-3.612,-1.301,10.000,-108.448,0.200,0.037,CIRCLE
11.008,-3.376,-0.102,11.540,-1.892,-3.612,-1.301,10.000,-107.715,0.200,0.038,CIRCLE
11.040,-3.383,-0.101,11.549,-1.879,-3.612,-1.301,10.000,-106.982,0.200,0.038,CIRCLE
11.072,-3.390,-0.100,11.559,-1.866,-3.612,-1.301,10.000,-106.248,0.200,0.039,CIRCLE
11.104,-3.397,-0.099,11.569,-1.853,-3.612,-1.301,10.000,-105.515,0.200,0.039,CIRCLE
11.136,-3.404,-0.098,11.579,-1.841,-3.612,-1.301,10.000,-104.781,0.200,0.040,CIRCLE
11.168,-3.412,-0.098,11.588,-1.828,-3.612,-1.301,10.000,-104.048,0.200,0.040,CIRCLE
11.200,-3.419,-0.097,11.598,-1.815,-3.612,-1.301,10.000,-103.315,0.200,0.040,CIRCLE
11.232,-3.426,-0.097,11.607,-1.802,-3.612,-1.301,10.000,-102.581,0.200,0.040,CIRCLE
11.264,-3.433,-0.096,11.617,-1.789,-3.612,-1.301,10.000,-101.848,0.200,0.040,CIRCLE
11.296,-3.441,-0.096,11.626,-1.776,-3.612,-1.301,10.000,-101.115,0.200,0.040,CIRCLE
11.328,-3.448,-0.096,11.635,-1.763,-3.612,-1.301,10.000,-100.381,0.200,0.040,CIRCLE
11.360,-3.455,-0.096,11.644,-1.750,-3.612,-1.301,10.000,-99.648,0.200,0.039,CIRCLE
11.392,-3.463,-0.096,11.653,-1.737,-3.612,-1.301,10.000,-98.914,0.200,0.039,CIRCLE
11.424,-3.470,-0.096,11.661,-1.724,-3.612,-1.301,10.000,-98.181,0.200,0.038,CIRCLE
11.456,-3.477,-0.096,11.670,-1.711,-3.612,-1.301,10.000,-97.448,0.200,0.038,CIRCLE
11.488,-3.484,-0.097,11.678,-1.699,-3.612,-1.301,10.000,-96.714,0.200,0.037,CIRCLE
11.520,-3.492,-0.097,11.687,-1.686,-3.612,-1.301,10.000,-95.981,0.200,0.036,CIRCLE
11.552,-3.499,-0.097,11.695,-1.673,-3.612,-1.301,10.000,-95.247,0.200,0.035,CIRCLE
11.584,-3.506,-0.098,11.703,-1.660,-3.612,-1.301,10.000,-94.514,0.200,0.034,CIRCLE
11.616,-3.513,-0.098,11.711,-1.647,-3.612,-1.301,10.000,-93.781,0.200,0.033,CIRCLE
11.648,-3.520,-0.099,11.719,-1.634,-3.612,-1.301,10.000,-93.047,0.200,0.033,CIRCLE
11.680,-3.527,-0.100,11.727,-1.621,-3.612,-1.301,10.000,-92.314,0.200,0.032,CIRCLE
11.712,-3.534,-0.100,11.734,-1.608,-3.612,-1.301,10.000,-91.581,0.200,0.031,CIRCLE
11.744,-3.541,-0.101,11.742,-1.595,-3.612,-1.301,10.000,-90.847,0.200,0.031,CIRCLE
11.776,-3.548,-0.102,11.749,-1.582,-3.612,-1.301,10.000,-90.114,0.200,0.030,CIRCLE
11.808,-3.555,-0.103,11.756,-1.570,-3.612,-1.301,10.000,-89.380,0.200,0.030,CIRCLE
11.840,-3.562,-0.104,11.763,-1.557,-3.612,-1.301,10.000,-88.647,0.200,0.029,CIRCLE
11.872,-3.568,-0.105,11.770,-1.544,-3.612,-1.301,10.000,-87.914,0.200,0.029,CIRCLE
11.904,-3.575,-0.106,11.777,-1.531,-3.612,-1.301,10.000,-87.180,0.200,0.029,CIRCLE
11.936,-3.582,-0.108,11.784,-1.518,-3.612,-1.301,10.000,-86.447,0.200,0.029,CIRCLE
11.968,-3.588,-0.109,11.791,-1.505,-3.612,-1.301,10.000,-85.713,0.200,0.029,CIRCLE
12.000,-3.595,-0.110,11.797,-1.492,-3.612,-1.301,10.000,-84.980,0.200,0.029,CIRCLE
12.032,-3.602,-0.112,11.804,-1.479,-3.612,-1.301,10.000,-84.247,0.200,0.030,CIRCLE
12.064,-3.608,-0.114,11.810,-1.466,-3.612,-1.301,10.000,-83.513,0.200,0.030,CIRCLE
12.096,-3.615,-0.115,11.816,-1.453,-3.612,-1.301,10.000,-82.780,0.200,0.030,CIRCLE
12.128,-3.621,-0.117,11.823,-1.440,-3.612,-1.301,10.000,-82.046,0.200,0.031,CIRCLE
12.160,-3.628,-0.119,11.829,-1.427,-3.612,-1.301,10.000,-81.313,0.200,0.032,CIRCLE
12.192,-3.635,-0.121,11.835,-1.415,-3.612,-1.301,10.000,-80.580,0.200,0.032,CIRCLE
12.224,-3.641,-0.124,11.841,-1.402,-3.612,-1.301,10.000,-79.846,0.200,0.033,CIRCLE
12.256,-3.648,-0.126,11.847,-1.389,-3.612,-1.301,10.000,-79.113,0.200,0.033,CIRCLE
12.288,-3.654,-0.128,11.853,-1.376,-3.612,-1.301,10.000,-78.380,0.200,0.034,CIRCLE
12.320,-3.661,-0.131,11.858,-1.363,-3.612,-1.301,10.000,-77.646,0.200,0.034,CIRCLE
12.352,-3.667,-0.133,11.864,-1.350,-3.612,-1.301,10.000,-76.913,0.200,0.035,CIRCLE
12.384,-3.674,-0.136,11.870,-1.337,-3.612,-1.301,10.000,-76.179,0.200,0.035,CIRCLE
12.416,-3.680,-0.139,11.875,-1.324,-3.612,-1.301,10.000,-75.446,0.200,0.036,CIRCLE
12.448,-3.687,-0.142,11.881,-1.312,-3.612,-1.301,10.000,-74.713,0.200,0.036,CIRCLE
12.480,-3.693,-0.145,11.886,-1.299,-3.612,-1.301,10.000,-73.979,0.200,0.036,CIRCLE
12.512,-3.700,-0.148,11.892,-1.286,-3.612,-1.301,10.000,-73.246,0.200,0.036,CIRCLE
12.544,-3.706,-0.151,11.897,-1.273,-3.612,-1.301,10.000,-72.512,0.200,0.036,CIRCLE
12.576,-3.713,-0.154,11.902,-1.260,-3.612,-1.301,10.000,-71.779,0.200,0.036,CIRCLE
12.608,-3.719,-0.158,11.907,-1.247,-3.612,-1.301,10.000,-71.046,0.200,0.036,CIRCLE
12.640,-3.726,-0.161,11.912,-1.235,-3.612,-1.301,10.000,-70.312,0.200,0.036,CIRCLE
12.672,-3.732,-0.165,11.917,-1.222,-3.612,-1.301,10.000,-69.579,0.200,0.036,CIRCLE
12.704,-3.739,-0.168,11.921,-1.209,-3.612,-1.301,10.000,-68.846,0.200,0.035,CIRCLE
12.736,-3.745,-0.172,11.926,-1.196,-3.612,-1.301,10.000,-68.112,0.200,0.035,CIRCLE
12.768,-3.751,-0.176,11.931,-1.183,-3.612,-1.301,10.000,-67.379,0.200,0.034,CIRCLE
12.800,-3.757,-0.180,11.935,-1.170,-3.612,-1.301,10.000,-66.645,0.200,0.034,CIRCLE
12.832,-3.763,-0.184,11.939,-1.157,-3.612,-1.301,10.000,-65.912,0.200,0.033,CIRCLE
12.864,-3.769,-0.187,11.943,-1.144,-3.612,-1.301,10.000,-65.179,0.200,0.033,CIRCLE
12.896,-3.775,-0.191,11.947,-1.131,-3.612,-1.301,10.000,-64.445,0.200,0.032,CIRCLE
12.928,-3.781,-0.195,11.951,-1.118,-3.612,-1.301,10.000,-63.712,0.200,0.032,CIRCLE
12.960,-3.787,-0.199,11.955,-1.106,-3.612,-1.301,10.000,-62.978,0.200,0.031,CIRCLE
12.992,-3.793,-0.203,11.959,-1.093,-3.612,-1.301,10.000,-62.245,0.200,0.031,CIRCLE
13.024,-3.799,-0.208,11.963,-1.080,-3.612,-1.301,10.000,-61.512,0.200,0.030,CIRCLE
13.056,-3.804,-0.212,11.966,-1.067,-3.612,-1.301,10.000,-60.778,0.200,0.030,CIRCLE
13.088,-3.810,-0.216,11.970,-1.054,-3.612,-1.301,10.000,-60.045,0.200,0.030,CIRCLE
13.120,-3.815,-0.220,11.973,-1.041,-3.612,-1.301,10.000,-59.311,0.200,0.029,CIRCLE
13.152,-3.820,-0.224,11.976,-1.029,-3.612,-1.301,10.000,-58.578,0.200,0.029,CIRCLE
13.184,-3.825,-0.229,11.979,-1.016,-3.612,-1.301,10.000,-57.845,0.200,0.029,CIRCLE
13.216,-3.831,-0.233,11.983,-1.003,-3.612,-1.301,10.000,-57.111,0.200,0.029,CIRCLE
13.248,-3.836,-0.238,11.985,-0.990,-3.612,-1.301,10.000,-56.378,0.200,0.029,CIRCLE
13.280,-3.840,-0.242,11.988,-0.977,-3.612,-1.301,10.000,-55.645,0.200,0.030,CIRCLE
13.312,-3.845,-0.247,11.991,-0.964,-3.612,-1.301,10.000,-54.911,0.200,0.030,CIRCLE
13.344,-3.850,-0.251,11.994,-0.951,-3.612,-1.301,10.000,-54.178,0.200,0.030,CIRCLE
13.376,-3.855,-0.256,11.997,-0.938,-3.612,-1.301,10.000,-53.444,0.200,0.031,CIRCLE
13.408,-3.859,-0.261,11.999,-0.925,-3.612,-1.301,10.000,-52.711,0.200,0.031,CIRCLE
13.440,-3.864,-0.265,12.002,-0.913,-3.612,-1.301,10.000,-51.978,0.200,0.031,CIRCLE
13.472,-3.869,-0.270,12.004,-0.900,-3.612,-1.301,10.000,-51.244,0.200,0.032,CIRCLE
13.504,-3.873,-0.275,12.006,-0.887,-3.612,-1.301,10.000,-50.511,0.200,0.032,CIRCLE
13.536,-3.877,-0.280,12.009,-0.874,-3.612,-1.301,10.000,-49.777,0.200,0.033,CIRCLE
13.568,-3.882,-0.285,12.011,-0.861,-3.612,-1.301,10.000,-49.044,0.200,0.033,CIRCLE
13.600,-3.886,-0.291,12.013,-0.848,-3.612,-1.301,10.000,-48.311,0.200,0.033,CIRCLE
13.632,-3.890,-0.296,12.015,-0.835,-3.612,-1.301,10.000,-47.577,0.200,0.034,CIRCLE
13.664,-3.895,-0.301,12.017,-0.822,-3.612,-1.301,10.000,-46.844,0.200,0.034,CIRCLE
13.696,-3.899,-0.307,12.019,-0.810,-3.612,-1.301,10.000,-46.111,0.200,0.034,CIRCLE
13.728,-3.903,-0.312,12.021,-0.797,-3.612,-1.301,10.000,-45.377,0.200,0.034,CIRCLE
13.760,-3.907,-0.318,12.022,-0.784,-3.612,-1.301,10.000,-44.644,0.200,0.034,CIRCLE
13.792,-3.911,-0.324,12.024,-0.771,-3.612,-1.301,10.000,-43.910,0.200,0.034,CIRCLE
13.824,-3.915,-0.330,12.026,-0.758,-3.612,-1.301,10.000,-43.177,0.200,0.034,CIRCLE
13.856,-3.919,-0.336,12.027,-0.746,-3.612,-1.301,10.000,-42.444,0.200,0.034,CIRCLE
13.888,-3.923,-0.342,12.029,-0.733,-3.612,-1.301,10.000,-41.710,0.200,0.034,CIRCLE
13.920,-3.927,-0.348,12.030,-0.720,-3.612,-1.301,10.000,-40.977,0.200,0.034,CIRCLE
13.952,-3.931,-0.354,12.031,-0.707,-3.612,-1.301,10.000,-40.243,0.200,0.033,CIRCLE
13.984,-3.935,-0.360,12.032,-0.694,-3.612,-1.301,10.000,-39.510,0.200,0.033,CIRCLE
14.016,-3.938,-0.366,12.033,-0.681,-3.612,-1.301,10.000,-38.777,0.200,0.033,CIRCLE
14.048,-3.942,-0.372,12.034,-0.668,-3.612,-1.301,10.000,-38.043,0.200,0.032,CIRCLE
14.080,-3.945,-0.379,12.035,-0.655,-3.612,-1.301,10.000,-37.310,0.200,0.032,CIRCLE
14.112,-3.949,-0.385,12.036,-0.643,-3.612,-1.301,10.000,-36.577,0.200,0.031,CIRCLE
14.144,-3.952,-0.391,12.036,-0.630,-3.612,-1.301,10.000,-35.843,0.200,0.031,CIRCLE
14.176,-3.956,-0.398,12.037,-0.617,-3.612,-1.301,10.000,-35.110,0.200,0.031,CIRCLE
14.208,-3.959,-0.404,12.037,-0.604,-3.612,-1.301,10.000,-34.376,0.200,0.030,CIRCLE
14.240,-3.962,-0.410,12.038,-0.591,-3.612,-1.301,10.000,-33.643,0.200,0.030,CIRCLE
14.272,-3.965,-0.417,12.038,-0.578,-3.612,-1.301,10.000,-32.910,0.200,0.030,CIRCLE
14.304,-3.968,-0.423,12.038,-0.566,-3.612,-1.301,10.000,-32.176,0.200,0.030,CIRCLE
14.336,-3.971,-0.430,12.038,-0.553,-3.612,-1.301,10.000,-31.443,0.200,0.030,CIRCLE
14.368,-3.973,-0.436,12.038,-0.540,-3.612,-1.301,10.000,-30.709,0.200,0.030,CIRCLE
14.400,-3.976,-0.442,12.038,-0.527,-3.612,-1.301,10.000,-29.976,0.200,0.030,CIRCLE
14.432,-3.979,-0.449,12.038,-0.514,-3.612,-1.301,10.000,-29.243,0.200,0.030,CIRCLE
14.464,-3.981,-0.455,12.037,-0.501,-3.612,-1.301,10.000,-28.509,0.200,0.030,CIRCLE
14.496,-3.983,-0.461,12.037,-0.489,-3.612,-1.301,10.000,-27.776,0.200,0.030,CIRCLE
14.528,-3.985,-0.468,12.036,-0.476,-3.612,-1.301,10.000,-27.042,0.200,0.031,CIRCLE
14.560,-3.987,-0.474,12.036,-0.463,-3.612,-1.301,10.000,-26.309,0.200,0.031,CIRCLE
14.592,-3.989,-0.480,12.035,-0.450,-3.612,-1.301,10.000,-25.576,0.200,0.032,CIRCLE
14.624,-3.991,-0.487,12.035,-0.437,-3.612,-1.301,10.000,-24.842,0.200,0.032,CIRCLE
14.656,-3.993,-0.493,12.034,-0.424,-3.612,-1.301,10.000,-24.109,0.200,0.032,CIRCLE
14.688,-3.994,-0.500,12.033,-0.411,-3.612,-1.301,10.000,-23.376,0.200,0.033,CIRCLE
14.720,-3.996,-0.506,12.032,-0.398,-3.612,-1.301,10.000,-22.642,0.200,0.033,CIRCLE
14.752,-3.997,-0.512,12.031,-0.385,-3.612,-1.301,10.000,-21.909,0.200,0.034,CIRCLE
14.784,-3.999,-0.519,12.030,-0.373,-3.612,-1.301,10.000,-21.175,0.200,0.034,CIRCLE
14.816,-4.000,-0.525,12.029,-0.360,-3.612,-1.301,10.000,-20.442,0.200,0.034,CIRCLE
14.848,-4.001,-0.532,12.028,-0.347,-3.612,-1.301,10.000,-19.709,0.200,0.035,CIRCLE
14.880,-4.002,-0.538,12.026,-0.334,-3.612,-1.301,10.000,-18.975,0.200,0.035,CIRCLE
14.912,-4.003,-0.545,12.025,-0.321,-3.612,-1.301,10.000,-18.242,0.200,0.035,CIRCLE
14.944,-4.004,-0.551,12.023,-0.309,-3.612,-1.301,10.000,-17.508,0.200,0.035,CIRCLE
14.976,-4.005,-0.558,12.022,-0.296,-3.612,-1.301,10.000,-16.775,0.200,0.035,CIRCLE
15.008,-4.006,-0.565,12.020,-0.283,-3.612,-1.301,10.000,-16.042,0.200,0.035,CIRCLE
15.040,-4.007,-0.572,12.019,-0.270,-3.612,-1.301,10.000,-15.308,0.200,0.035,CIRCLE
15.072,-4.007,-0.578,12.017,-0.257,-3.612,-1.301,10.000,-14.575,0.200,0.034,CIRCLE
15.104,-4.008,-0.585,12.015,-0.244,-3.612,-1.301,10.000,-13.842,0.200,0.034,CIRCLE
15.136,-4.008,-0.592,12.013,-0.232,-3.612,-1.301,10.000,-13.108,0.200,0.034,CIRCLE
15.168,-4.009,-0.599,12.011,-0.219,-3.612,-1.301,10.000,-12.375,0.200,0.033,CIRCLE
15.200,-4.009,-0.606,12.009,-0.206,-3.612,-1.301,10.000,-11.641,0.200,0.033,CIRCLE
15.232,-4.010,-0.613,12.006,-0.193,-3.612,-1.301,10.000,-10.908,0.200,0.032,CIRCLE
15.264,-4.010,-0.620,12.004,-0.180,-3.612,-1.301,10.000,-10.175,0.200,0.032,CIRCLE
15.296,-4.010,-0.627,12.002,-0.167,-3.612,-1.301,10.000,-9.441,0.200,0.031,CIRCLE
15.328,-4.010,-0.634,11.999,-0.154,-3.612,-1.301,10.000,-8.708,0.200,0.031,CIRCLE
15.360,-4.010,-0.641,11.996,-0.142,-3.612,-1.301,10.000,-7.974,0.200,0.030,CIRCLE
15.392,-4.010,-0.648,11.994,-0.129,-3.612,-1.301,10.000,-7.241,0.200,0.030,CIRCLE
15.424,-4.010,-0.656,11.991,-0.116,-3.612,-1.301,10.000,-6.508,0.200,0.030,CIRCLE
15.456,-4.010,-0.663,11.988,-0.103,-3.612,-1.301,10.000,-5.774,0.200,0.029,CIRCLE
15.488,-4.009,-0.670,11.985,-0.090,-3.612,-1.301,10.000,-5.041,0.200,0.029,CIRCLE
15.520,-4.009,-0.677,11.982,-0.077,-3.612,-1.301,10.000,-4.308,0.200,0.029,CIRCLE
15.552,-4.009,-0.684,11.979,-0.065,-3.612,-1.301,10.000,-3.574,0.200,0.029,CIRCLE
15.584,-4.008,-0.691,11.975,-0.052,-3.612,-1.301,10.000,-2.841,0.200,0.029,CIRCLE
15.616,-4.007,-0.698,11.972,-0.039,-3.612,-1.301,10.000,-2.107,0.200,0.029,CIRCLE
15.648,-4.007,-0.705,11.969,-0.026,-3.612,-1.301,10.000,-1.374,0.200,0.029,CIRCLE
15.680,-4.006,-0.712,11.965,-0.013,-3.612,-1.301,10.000,-0.641,0.200,0.030,CIRCLE
15.712,-4.005,-0.718,11.961,-0.001,-3.612,-1.301,10.000,0.093,0.200,0.030,CIRCLE
15.744,-4.004,-0.725,11.958,0.012,-3.612,-1.301,10.000,0.826,0.200,0.031,CIRCLE
15.776,-4.003,-0.732,11.954,0.025,-3.612,-1.301,10.000,1.560,0.200,0.031,CIRCLE
15.808,-4.001,-0.739,11.950,0.038,-3.612,-1.301,10.000,2.293,0.200,0.032,CIRCLE
15.840,-4.000,-0.745,11.946,0.051,-3.612,-1.301,10.000,3.026,0.200,0.032,CIRCLE
15.872,-3.998,-0.752,11.942,0.064,-3.612,-1.301,10.000,3.760,0.200,0.033,CIRCLE
15.904,-3.997,-0.758,11.938,0.077,-3.612,-1.301,10.000,4.493,0.200,0.034,CIRCLE
15.936,-3.995,-0.765,11.934,0.089,-3.612,-1.301,10.000,5.227,0.200,0.034,CIRCLE
15.968,-3.993,-0.771,11.930,0.102,-3.612,-1.301,10.000,5.960,0.200,0.035,CIRCLE
16.000,-3.992,-0.777,11.926,0.115,-3.612,-1.301,10.000,6.693,0.200,0.035,CIRCLE
16.032,-3.990,-0.784,11.921,0.128,-3.612,-1.301,10.000,7.427,0.200,0.036,CIRCLE
16.064,-3.988,-0.790,11.917,0.141,-3.612,-1.301,10.000,8.160,0.200,0.036,CIRCLE
16.096,-3.985,-0.796,11.913,0.154,-3.612,-1.301,10.000,8.893,0.200,0.037,CIRCLE
16.128,-3.983,-0.802,11.908,0.167,-3.612,-1.301,10.000,9.627,0.200,0.037,CIRCLE
16.160,-3.981,-0.808,11.904,0.179,-3.612,-1.301,10.000,10.360,0.200,0.037,CIRCLE
16.192,-3.978,-0.814,11.899,0.192,-3.612,-1.301,10.000,11.094,0.200,0.037,CIRCLE
16.224,-3.976,-0.821,11.894,0.205,-3.612,-1.301,10.000,11.827,0.200,0.037,CIRCLE
16.256,-3.973,-0.827,11.889,0.218,-3.612,-1.301,10.000,12.560,0.200,0.037,CIRCLE
16.288,-3.971,-0.833,11.885,0.230,-3.612,-1.301,10.000,13.294,0.200,0.037,CIRCLE
16.320,-3.968,-0.839,11.880,0.243,-3.612,-1.301,10.000,14.027,0.200,0.037,CIRCLE
16.352,-3.965,-0.845,11.875,0.256,-3.612,-1.301,10.000,14.761,0.200,0.036,CIRCLE
16.384,-3.962,-0.851,11.869,0.269,-3.612,-1.301,10.000,15.494,0.200,0.036,CIRCLE
16.416,-3.959,-0.857,11.864,0.282,-3.612,-1.301,10.000,16.227,0.200,0.035,CIRCLE
16.448,-3.956,-0.863,11.859,0.294,-3.612,-1.301,10.000,16.961,0.200,0.035,CIRCLE
16.480,-3.953,-0.869,11.853,0.307,-3.612,-1.301,10.000,17.694,0.200,0.034,CIRCLE
16.512,-3.950,-0.875,11.848,0.320,-3.612,-1.301,10.000,18.427,0.200,0.033,CIRCLE
16.544,-3.947,-0.882,11.842,0.333,-3.612,-1.301,10.000,19.161,0.200,0.032,CIRCLE
16.576,-3.944,-0.888,11.837,0.346,-3.612,-1.301,10.000,19.894,0.200,0.032,CIRCLE
16.608,-3.940,-0.894,11.831,0.359,-3.612,-1.301,10.000,20.628,0.200,0.031,CIRCLE
16.640,-3.937,-0.900,11.825,0.372,-3.612,-1.301,10.000,21.361,0.200,0.030,CIRCLE
16.672,-3.933,-0.906,11.819,0.384,-3.612,-1.301,10.000,22.094,0.200,0.030,CIRCLE
16.704,-3.930,-0.912,11.813,0.397,-3.612,-1.301,10.000,22.828,0.200,0.029,CIRCLE
16.736,-3.926,-0.918,11.807,0.410,-3.612,-1.301,10.000,23.561,0.200,0.029,CIRCLE
16.768,-3.923,-0.924,11.801,0.423,-3.612,-1.301,10.000,24.295,0.200,0.028,CIRCLE
16.800,-3.919,-0.930,11.794,0.436,-3.612,-1.301,10.000,25.028,0.200,0.028,CIRCLE
16.832,-3.915,-0.935,11.788,0.449,-3.612,-1.301,10.000,25.761,0.200,0.028,CIRCLE
16.864,-3.911,-0.941,11.781,0.461,-3.612,-1.301,10.000,26.495,0.200,0.028,CIRCLE
16.896,-3.907,-0.947,11.775,0.474,-3.612,-1.301,10.000,27.228,0.200,0.028,CIRCLE
16.928,-3.903,-0.952,11.768,0.487,-3.612,-1.301,10.000,27.962,0.200,0.028,CIRCLE
16.960,-3.899,-0.958,11.761,0.500,-3.612,-1.301,10.000,28.695,0.200,0.029,CIRCLE
16.992,-3.895,-0.963,11.755,0.513,-3.612,-1.301,10.000,29.428,0.200,0.029,CIRCLE
17.024,-3.891,-0.969,11.748,0.525,-3.612,-1.301,10.000,30.162,0.200,0.030,CIRCLE
17.056,-3.887,-0.974,11.741,0.538,-3.612,-1.301,10.000,30.895,0.200,0.031,CIRCLE
17.088,-3.882,-0.979,11.734,0.551,-3.612,-1.301,10.000,31.628,0.200,0.032,CIRCLE
17.120,-3.878,-0.984,11.727,0.564,-3.612,-1.301,10.000,32.362,0.200,0.032,CIRCLE
17.152,-3.873,-0.989,11.720,0.577,-3.612,-1.301,10.000,33.095,0.200,0.033,CIRCLE
17.184,-3.869,-0.994,11.713,0.590,-3.612,-1.301,10.000,33.829,0.200,0.034,CIRCLE
17.216,-3.864,-0.999,11.706,0.602,-3.612,-1.301,10.000,34.562,0.200,0.035,CIRCLE
17.248,-3.859,-1.004,11.698,0.615,-3.612,-1.301,10.000,35.295,0.200,0.036,CIRCLE
17.280,-3.854,-1.009,11.691,0.628,-3.612,-1.301,10.000,36.029,0.200,0.037,CIRCLE
17.312,-3.850,-1.013,11.684,0.641,-3.612,-1.301,10.000,36.762,0.200,0.037,CIRCLE
17.344,-3.845,-1.018,11.676,0.654,-3.612,-1.301,10.000,37.496,0.200,0.038,CIRCLE
17.376,-3.840,-1.022,11.669,0.667,-3.612,-1.301,10.000,38.229,0.200,0.039,CIRCLE
17.408,-3.834,-1.026,11.662,0.680,-3.612,-1.301,10.000,38.962,0.200,0.039,CIRCLE
17.440,-3.829,-1.030,11.654,0.692,-3.612,-1.301,10.000,39.696,0.200,0.040,CIRCLE
17.472,-3.824,-1.035,11.646,0.705,-3.612,-1.301,10.000,40.429,0.200,0.040,CIRCLE
17.504,-3.819,-1.039,11.639,0.718,-3.612,-1.301,10.000,41.162,0.200,0.040,CIRCLE
17.536,-3.813,-1.043,11.631,0.731,-3.612,-1.301,10.000,41.896,0.200,0.040,CIRCLE
17.568,-3.808,-1.047,11.623,0.743,-3.612,-1.301,10.000,42.629,0.200,0.040,CIRCLE
17.600,-3.803,-1.051,11.615,0.756,-3.612,-1.301,10.000,43.363,0.200,0.039,CIRCLE
17.632,-3.797,-1.054,11.608,0.769,-3.612,-1.301,10.000,44.096,0.200,0.039,CIRCLE
17.664,-3.792,-1.058,11.600,0.782,-3.612,-1.301,10.000,44.829,0.200,0.038,CIRCLE
17.696,-3.786,-1.062,11.591,0.795,-3.612,-1.301,10.000,45.563,0.200,0.038,CIRCLE
17.728,-3.780,-1.066,11.583,0.807,-3.612,-1.301,10.000,46.296,0.200,0.037,CIRCLE
17.760,-3.775,-1.070,11.575,0.820,-3.612,-1.301,10.000,47.030,0.200,0.036,CIRCLE
17.792,-3.769,-1.073,11.567,0.833,-3.612,-1.301,10.000,47.763,0.200,0.035,CIRCLE
17.824,-3.763,-1.077,11.558,0.846,-3.612,-1.301,10.000,48.496,0.200,0.034,CIRCLE
17.856,-3.758,-1.080,11.550,0.859,-3.612,-1.301,10.000,49.230,0.200,0.033,CIRCLE
17.888,-3.752,-1.084,11.541,0.872,-3.612,-1.301,10.000,49.963,0.200,0.032,CIRCLE
17.920,-3.746,-1.087,11.532,0.884,-3.612,-1.301,10.000,50.696,0.200,0.031,CIRCLE
17.952,-3.740,-1.091,11.524,0.897,-3.612,-1.301,10.000,51.430,0.200,0.031,CIRCLE
17.984,-3.734,-1.094,11.515,0.910,-3.612,-1.301,10.000,52.163,0.200,0.030,CIRCLE
18.016,-3.728,-1.098,11.506,0.923,-3.612,-1.301,10.000,52.897,0.200,0.029,CIRCLE
18.048,-3.722,-1.101,11.497,0.936,-3.612,-1.301,10.000,53.630,0.200,0.029,CIRCLE
18.080,-3.716,-1.104,11.487,0.949,-3.612,-1.301,10.000,54.363,0.200,0.028,CIRCLE
18.112,-3.710,-1.107,11.478,0.961,-3.612,-1.301,10.000,55.097,0.200,0.028,CIRCLE
18.144,-3.704,-1.110,11.469,0.974,-3.612,-1.301,10.000,55.830,0.200,0.028,CIRCLE
18.176,-3.698,-1.113,11.460,0.987,-3.612,-1.301,10.000,56.564,0.200,0.028,CIRCLE
18.208,-3.692,-1.116,11.450,1.000,-3.612,-1.301,10.000,57.297,0.200,0.028,CIRCLE
18.240,-3.686,-1.119,11.441,1.013,-3.612,-1.301,10.000,58.030,0.200,0.028,CIRCLE
18.272,-3.680,-1.121,11.431,1.025,-3.612,-1.301,10.000,58.764,0.200,0.029,CIRCLE
18.304,-3.673,-1.124,11.422,1.038,-3.612,-1.301,10.000,59.497,0.200,0.029,CIRCLE
18.336,-3.667,-1.127,11.412,1.051,-3.612,-1.301,10.000,60.231,0.200,0.030,CIRCLE
18.368,-3.661,-1.129,11.402,1.064,-3.612,-1.301,10.000,60.964,0.200,0.031,CIRCLE
18.400,-3.654,-1.131,11.392,1.077,-3.612,-1.301,10.000,61.697,0.200,0.032,CIRCLE
18.432,-3.648,-1.133,11.383,1.090,-3.612,-1.301,10.000,62.431,0.200,0.033,CIRCLE
18.464,-3.642,-1.135,11.373,1.102,-3.612,-1.301,10.000,63.164,0.200,0.034,CIRCLE
18.496,-3.635,-1.137,11.363,1.115,-3.612,-1.301,10.000,63.897,0.200,0.035,CIRCLE
18.528,-3.629,-1.139,11.353,1.128,-3.612,-1.301,10.000,64.631,0.200,0.036,CIRCLE
18.560,-3.622,-1.141,11.343,1.141,-3.612,-1.301,10.000,65.364,0.200,0.037,CIRCLE
18.592,-3.616,-1.142,11.333,1.154,-3.612,-1.301,10.000,66.098,0.200,0.038,CIRCLE
18.624,-3.609,-1.144,11.323,1.166,-3.612,-1.301,10.000,66.831,0.200,0.038,CIRCLE
18.656,-3.602,-1.145,11.314,1.179,-3.612,-1.301,10.000,67.564,0.200,0.039,CIRCLE
18.688,-3.596,-1.147,11.304,1.192,-3.612,-1.301,10.000,68.298,0.200,0.040,CIRCLE
18.720,-3.589,-1.148,11.293,1.205,-3.612,-1.301,10.000,69.031,0.200,0.041,CIRCLE
18.752,-3.582,-1.149,11.283,1.218,-3.612,-1.301,10.000,69.765,0.200,0.041,CIRCLE
18.784,-3.576,-1.150,11.273,1.230,-3.612,-1.301,10.000,70.498,0.200,0.041,CIRCLE
18.816,-3.569,-1.151,11.263,1.243,-3.612,-1.301,10.000,71.231,0.200,0.041,CIRCLE
18.848,-3.562,-1.152,11.253,1.256,-3.612,-1.301,10.000,71.965,0.200,0.041,CIRCLE
18.880,-3.555,-1.152,11.242,1.269,-3.612,-1.301,10.000,72.698,0.200,0.041,CIRCLE
18.912,-3.549,-1.153,11.232,1.282,-3.612,-1.301,10.000,73.431,0.200,0.041,CIRCLE
18.944,-3.542,-1.153,11.222,1.294,-3.612,-1.301,10.000,74.165,0.200,0.040,CIRCLE
18.976,-3.535,-1.154,11.211,1.307,-3.612,-1.301,10.000,74.898,0.200,0.040,CIRCLE
19.008,-3.528,-1.154,11.201,1.320,-3.612,-1.301,10.000,75.632,0.200,0.039,CIRCLE
19.040,-3.521,-1.155,11.190,1.333,-3.612,-1.301,10.000,76.365,0.200,0.038,CIRCLE
19.072,-3.515,-1.155,11.179,1.346,-3.612,-1.301,10.000,77.098,0.200,0.037,CIRCLE
19.104,-3.508,-1.155,11.168,1.358,-3.612,-1.301,10.000,77.832,0.200,0.036,CIRCLE
19.136,-3.501,-1.156,11.158,1.371,-3.612,-1.301,10.000,78.565,0.200,0.035,CIRCLE
19.168,-3.494,-1.156,11.147,1.384,-3.612,-1.301,10.000,79.299,0.200,0.034,CIRCLE
19.200,-3.487,-1.156,11.136,1.397,-3.612,-1.301,10.000,80.032,0.200,0.033,CIRCLE
19.232,-3.481,-1.156,11.124,1.410,-3.612,-1.301,10.000,80.765,0.200,0.032,CIRCLE
19.264,-3.474,-1.156,11.113,1.423,-3.612,-1.301,10.000,81.499,0.200,0.032,CIRCLE
19.296,-3.467,-1.156,11.102,1.435,-3.612,-1.301,10.000,82.232,0.200,0.031,CIRCLE
19.328,-3.461,-1.156,11.091,1.448,-3.612,-1.301,10.000,82.966,0.200,0.030,CIRCLE
19.360,-3.454,-1.156,11.079,1.461,-3.612,-1.301,10.000,83.699,0.200,0.029,CIRCLE
19.392,-3.447,-1.155,11.068,1.474,-3.612,-1.301,10.000,84.432,0.200,0.029,CIRCLE
19.424,-3.441,-1.155,11.056,1.487,-3.612,-1.301,10.000,85.166,0.200,0.029,CIRCLE
19.456,-3.434,-1.154,11.044,1.499,-3.612,-1.301,10.000,85.899,0.200,0.028,CIRCLE
19.488,-3.427,-1.154,11.033,1.512,-3.612,-1.301,10.000,86.632,0.200,0.028,CIRCLE
19.520,-3.421,-1.153,11.021,1.525,-3.612,-1.301,10.000,87.366,0.200,0.028,CIRCLE
19.552,-3.414,-1.153,11.009,1.538,-3.612,-1.301,10.000,88.099,0.200,0.029,CIRCLE
19.584,-3.408,-1.152,10.997,1.551,-3.612,-1.301,10.000,88.833,0.200,0.029,CIRCLE
19.616,-3.401,-1.151,10.986,1.563,-3.612,-1.301,10.000,89.566,0.200,0.030,CIRCLE
19.648,-3.395,-1.150,10.974,1.576,-3.612,-1.301,10.000,90.299,0.200,0.030,CIRCLE
19.680,-3.388,-1.149,10.962,1.589,-3.612,-1.301,10.000,91.033,0.200,0.031,CIRCLE
19.712,-3.382,-1.148,10.950,1.602,-3.612,-1.301,10.000,91.766,0.200,0.032,CIRCLE
19.744,-3.375,-1.146,10.938,1.615,-3.612,-1.301,10.000,92.500,0.200,0.033,CIRCLE
19.776,-3.368,-1.145,10.926,1.628,-3.612,-1.301,10.000,93.233,0.200,0.034,CIRCLE
19.808,-3.362,-1.143,10.914,1.641,-3.612,-1.301,10.000,93.966,0.200,0.035,CIRCLE
19.840,-3.356,-1.142,10.902,1.653,-3.612,-1.301,10.000,94.700,0.200,0.036,CIRCLE
19.872,-3.349,-1.140,10.890,1.666,-3.612,-1.301,10.000,95.433,0.200,0.037,CIRCLE
19.904,-3.343,-1.138,10.878,1.679,-3.612,-1.301,10.000,96.166,0.200,0.038,CIRCLE
19.936,-3.336,-1.136,10.865,1.692,-3.612,-1.301,10.000,96.900,0.200,0.038,CIRCLE
19.968,-3.330,-1.134,10.853,1.704,-3.612,-1.301,10.000,97.633,0.200,0.039,CIRCLE
20.000,-3.323,-1.131,10.841,1.717,-3.612,-1.301,10.000,98.367,0.200,0.040,CIRCLE
20.032,-3.317,-1.129,10.829,1.730,-3.612,-1.301,10.000,99.100,0.200,0.040,CIRCLE
20.064,-3.310,-1.127,10.817,1.743,-3.612,-1.301,10.000,99.833,0.200,0.041,CIRCLE
20.096,-3.304,-1.124,10.805,1.755,-3.612,-1.301,10.000,100.567,0.200,0.041,CIRCLE
20.128,-3.297,-1.121,10.792,1.768,-3.612,-1.301,10.000,101.300,0.200,0.041,CIRCLE
20.160,-3.291,-1.119,10.780,1.781,-3.612,-1.301,10.000,102.034,0.200,0.041,CIRCLE
20.192,-3.285,-1.116,10.768,1.794,-3.612,-1.301,10.000,102.767,0.200,0.041,CIRCLE
20.224,-3.278,-1.113,10.755,1.807,-3.612,-1.301,10.000,103.500,0.200,0.041,CIRCLE
20.256,-3.272,-1.110,10.743,1.819,-3.612,-1.301,10.000,104.234,0.200,0.041,CIRCLE
20.288,-3.266,-1.107,10.731,1.832,-3.612,-1.301,10.000,104.967,0.200,0.040,CIRCLE
20.320,-3.260,-1.104,10.718,1.845,-3.612,-1.301,10.000,105.700,0.200,0.039,CIRCLE
20.352,-3.253,-1.101,10.705,1.858,-3.612,-1.301,10.000,106.434,0.200,0.039,CIRCLE
20.384,-3.247,-1.098,10.693,1.871,-3.612,-1.301,10.000,107.167,0.200,0.038,CIRCLE
20.416,-3.241,-1.095,10.680,1.884,-3.612,-1.301,10.000,107.901,0.200,0.037,CIRCLE
20.448,-3.235,-1.091,10.667,1.896,-3.612,-1.301,10.000,108.634,0.200,0.036,CIRCLE
20.480,-3.229,-1.088,10.654,1.909,-3.612,-1.301,10.000,109.367,0.200,0.035,CIRCLE
20.512,-3.223,-1.085,10.641,1.922,-3.612,-1.301,10.000,110.101,0.200,0.034,CIRCLE
20.544,-3.217,-1.081,10.628,1.935,-3.612,-1.301,10.000,110.834,0.200,0.033,CIRCLE
20.576,-3.211,-1.078,10.615,1.948,-3.612,-1.301,10.000,111.568,0.200,0.032,CIRCLE
20.608,-3.206,-1.074,10.602,1.960,-3.612,-1.301,10.000,112.301,0.200,0.032,CIRCLE
20.640,-3.200,-1.071,10.589,1.973,-3.612,-1.301,10.000,113.034,0.200,0.031,CIRCLE
20.672,-3.194,-1.067,10.576,1.986,-3.612,-1.301,10.000,113.768,0.200,0.031,CIRCLE
20.704,-3.189,-1.064,10.562,1.999,-3.612,-1.301,10.000,114.501,0.200,0.030,CIRCLE
20.736,-3.183,-1.060,10.549,2.012,-3.612,-1.301,10.000,115.235,0.200,0.030,CIRCLE
20.768,-3.178,-1.056,10.536,2.024,-3.612,-1.301,10.000,115.968,0.200,0.030,CIRCLE
20.800,-3.173,-1.053,10.522,2.037,-3.612,-1.301,10.000,116.701,0.200,0.030,CIRCLE
20.832,-3.167,-1.049,10.509,2.050,-3.612,-1.301,10.000,117.435,0.200,0.030,CIRCLE
20.864,-3.162,-1.045,10.495,2.063,-3.612,-1.301,10.000,118.168,0.200,0.030,CIRCLE
20.896,-3.157,-1.041,10.481,2.076,-3.612,-1.301,10.000,118.901,0.200,0.030,CIRCLE
20.928,-3.152,-1.037,10.468,2.088,-3.612,-1.301,10.000,119.635,0.200,0.031,CIRCLE
20.960,-3.147,-1.033,10.454,2.101,-3.612,-1.301,10.000,120.368,0.200,0.031,CIRCLE
20.992,-3.142,-1.029,10.440,2.114,-3.612,-1.301,10.000,121.102,0.200,0.032,CIRCLE
21.024,-3.137,-1.024,10.427,2.127,-3.612,-1.301,10.000,121.835,0.200,0.033,CIRCLE
21.056,-3.132,-1.020,10.413,2.140,-3.612,-1.301,10.000,122.568,0.200,0.033,CIRCLE
21.088,-3.127,-1.016,10.399,2.153,-3.612,-1.301,10.000,123.302,0.200,0.034,CIRCLE
21.120,-3.123,-1.011,10.386,2.166,-3.612,-1.301,10.000,124.035,0.200,0.035,CIRCLE
21.152,-3.118,-1.006,10.372,2.178,-3.612,-1.301,10.000,124.769,0.200,0.036,CIRCLE
21.184,-3.113,-1.002,10.358,2.191,-3.612,-1.301,10.000,125.502,0.200,0.037,CIRCLE
21.216,-3.109,-0.997,10.345,2.204,-3.612,-1.301,10.000,126.235,0.200,0.037,CIRCLE
21.248,-3.104,-0.992,10.331,2.217,-3.612,-1.301,10.000,126.969,0.200,0.038,CIRCLE
21.280,-3.100,-0.987,10.317,2.229,-3.612,-1.301,10.000,127.702,0.200,0.039,CIRCLE
21.312,-3.095,-0.982,10.303,2.242,-3.612,-1.301,10.000,128.435,0.200,0.039,CIRCLE
21.344,-3.091,-0.976,10.290,2.255,-3.612,-1.301,10.000,129.169,0.200,0.040,CIRCLE
21.376,-3.086,-0.971,10.276,2.268,-3.612,-1.301,10.000,129.902,0.200,0.040,CIRCLE
21.408,-3.082,-0.966,10.262,2.280,-3.612,-1.301,10.000,130.636,0.200,0.040,CIRCLE
21.440,-3.078,-0.960,10.248,2.293,-3.612,-1.301,10.000,131.369,0.200,0.040,CIRCLE
21.472,-3.073,-0.954,10.234,2.306,-3.612,-1.301,10.000,132.102,0.200,0.040,CIRCLE
21.504,-3.069,-0.949,10.220,2.319,-3.612,-1.301,10.000,132.836,0.200,0.040,CIRCLE
21.536,-3.065,-0.943,10.206,2.332,-3.612,-1.301,10.000,133.569,0.200,0.040,CIRCLE
21.568,-3.061,-0.937,10.192,2.344,-3.612,-1.301,10.000,134.303,0.200,0.039,CIRCLE
21.600,-3.057,-0.932,10.178,2.357,-3.612,-1.301,10.000,135.036,0.200,0.039,CIRCLE
21.632,-3.053,-0.926,10.164,2.370,-3.612,-1.301,10.000,135.769,0.200,0.038,CIRCLE
21.664,-3.049,-0.920,10.150,2.383,-3.612,-1.301,10.000,136.503,0.200,0.038,CIRCLE
21.696,-3.045,-0.914,10.136,2.396,-3.612,-1.301,10.000,137.236,0.200,0.037,CIRCLE
21.728,-3.042,-0.908,10.122,2.409,-3.612,-1.301,10.000,137.969,0.200,0.036,CIRCLE
21.760,-3.038,-0.902,10.108,2.421,-3.612,-1.301,10.000,138.703,0.200,0.036,CIRCLE
21.792,-3.034,-0.896,10.093,2.434,-3.612,-1.301,10.000,139.436,0.200,0.035,CIRCLE
21.824,-3.031,-0.890,10.079,2.447,-3.612,-1.301,10.000,140.170,0.200,0.034,CIRCLE
21.856,-3.027,-0.884,10.064,2.460,-3.612,-1.301,10.000,140.903,0.200,0.033,CIRCLE
21.888,-3.024,-0.878,10.050,2.473,-3.612,-1.301,10.000,141.636,0.200,0.033,CIRCLE
21.920,-3.021,-0.872,10.035,2.485,-3.612,-1.301,10.000,142.370,0.200,0.032,CIRCLE
21.952,-3.018,-0.866,10.021,2.498,-3.612,-1.301,10.000,143.103,0.200,0.032,CIRCLE
21.984,-3.014,-0.861,10.006,2.511,-3.612,-1.301,10.000,143.837,0.200,0.032,CIRCLE
22.016,-3.011,-0.855,9.992,2.524,-3.612,-1.301,10.000,144.570,0.200,0.031,CIRCLE
22.048,-3.009,-0.849,9.977,2.536,-3.612,-1.301,10.000,145.303,0.200,0.031,CIRCLE
22.080,-3.006,-0.843,9.962,2.549,-3.612,-1.301,10.000,146.037,0.200,0.031,CIRCLE
22.112,-3.003,-0.837,9.947,2.562,-3.612,-1.301,10.000,146.770,0.200,0.031,CIRCLE
22.144,-3.001,-0.831,9.932,2.575,-3.612,-1.301,10.000,147.504,0.200,0.031,CIRCLE
22.176,-2.998,-0.825,9.918,2.588,-3.612,-1.301,10.000,148.237,0.200,0.032,CIRCLE
22.208,-2.996,-0.819,9.903,2.600,-3.612,-1.301,10.000,148.970,0.200,0.032,CIRCLE
22.240,-2.993,-0.813,9.888,2.613,-3.612,-1.301,10.000,149.704,0.200,0.033,CIRCLE
22.272,-2.991,-0.807,9.873,2.626,-3.612,-1.301,10.000,150.437,0.200,0.033,CIRCLE
22.304,-2.989,-0.801,9.858,2.639,-3.612,-1.301,10.000,151.170,0.200,0.034,CIRCLE
22.336,-2.987,-0.795,9.843,2.652,-3.612,-1.301,10.000,151.904,0.200,0.034,CIRCLE
22.368,-2.985,-0.789,9.828,2.665,-3.612,-1.301,10.000,152.637,0.200,0.035,CIRCLE
22.400,-2.983,-0.783,9.813,2.678,-3.612,-1.301,10.000,153.371,0.200,0.035,CIRCLE
22.432,-2.982,-0.776,9.798,2.690,-3.612,-1.301,10.000,154.104,0.200,0.036,CIRCLE
22.464,-2.980,-0.770,9.783,2.703,-3.612,-1.301,10.000,154.837,0.200,0.037,CIRCLE
22.496,-2.978,-0.764,9.769,2.716,-3.612,-1.301,10.000,155.571,0.200,0.037,CIRCLE
22.528,-2.977,-0.757,9.754,2.729,-3.612,-1.301,10.000,156.304,0.200,0.038,CIRCLE
22.560,-2.975,-0.751,9.739,2.742,-3.612,-1.301,10.000,157.038,0.200,0.038,CIRCLE
22.592,-2.974,-0.744,9.724,2.754,-3.612,-1.301,10.000,157.771,0.200,0.038,CIRCLE
22.624,-2.973,-0.738,9.709,2.767,-3.612,-1.301,10.000,158.504,0.200,0.039,CIRCLE
22.656,-2.972,-0.731,9.694,2.780,-3.612,-1.301,10.000,159.238,0.200,0.039,CIRCLE
22.688,-2.970,-0.724,9.679,2.793,-3.612,-1.301,10.000,159.971,0.200,0.039,CIRCLE
22.720,-2.969,-0.717,9.664,2.805,-3.612,-1.301,10.000,160.704,0.200,0.039,CIRCLE
22.752,-2.968,-0.710,9.649,2.818,-3.612,-1.301,10.000,161.438,0.200,0.039,CIRCLE
22.784,-2.967,-0.703,9.634,2.831,-3.612,-1.301,10.000,162.171,0.200,0.039,CIRCLE
22.816,-2.967,-0.696,9.619,2.844,-3.612,-1.301,10.000,162.905,0.200,0.038,CIRCLE
22.848,-2.966,-0.689,9.604,2.856,-3.612,-1.301,10.000,163.638,0.200,0.038,CIRCLE
22.880,-2.965,-0.682,9.589,2.869,-3.612,-1.301,10.000,164.371,0.200,0.037,CIRCLE
22.912,-2.964,-0.675,9.573,2.882,-3.612,-1.301,10.000,165.105,0.200,0.037,CIRCLE
22.944,-2.964,-0.668,9.558,2.895,-3.612,-1.301,10.000,165.838,0.200,0.036,CIRCLE
22.976,-2.963,-0.661,9.543,2.908,-3.612,-1.301,10.000,166.572,0.200,0.036,CIRCLE
23.008,-2.963,-0.654,9.528,2.921,-3.612,-1.301,10.000,167.305,0.200,0.035,CIRCLE
23.040,-2.962,-0.647,9.513,2.933,-3.612,-1.301,10.000,168.038,0.200,0.035,CIRCLE
23.072,-2.962,-0.640,9.498,2.946,-3.612,-1.301,10.000,168.772,0.200,0.034,CIRCLE
23.104,-2.962,-0.633,9.483,2.959,-3.612,-1.301,10.000,169.505,0.200,0.034,CIRCLE
23.136,-2.962,-0.626,9.467,2.972,-3.612,-1.301,10.000,170.239,0.200,0.033,CIRCLE
23.168,-2.962,-0.619,9.452,2.985,-3.612,-1.301,10.000,170.972,0.200,0.033,CIRCLE
23.200,-2.962,-0.612,9.437,2.997,-3.612,-1.301,10.000,171.705,0.200,0.032,CIRCLE
23.232,-2.962,-0.605,9.422,3.010,-3.612,-1.301,10.000,172.439,0.200,0.032,CIRCLE
23.264,-2.962,-0.598,9.407,3.023,-3.612,-1.301,10.000,173.172,0.200,0.032,CIRCLE
23.296,-2.963,-0.592,9.391,3.036,-3.612,-1.301,10.000,173.905,0.200,0.032,CIRCLE
23.328,-2.963,-0.585,9.376,3.049,-3.612,-1.301,10.000,174.639,0.200,0.032,CIRCLE
23.360,-2.963,-0.578,9.361,3.061,-3.612,-1.301,10.000,175.372,0.200,0.032,CIRCLE
23.392,-2.964,-0.572,9.346,3.074,-3.612,-1.301,10.000,176.106,0.200,0.032,CIRCLE
23.424,-2.965,-0.565,9.331,3.087,-3.612,-1.301,10.000,176.839,0.200,0.033,CIRCLE
23.456,-2.966,-0.559,9.316,3.100,-3.612,-1.301,10.000,177.572,0.200,0.033,CIRCLE
23.488,-2.966,-0.552,9.301,3.113,-3.612,-1.301,10.000,178.306,0.200,0.033,CIRCLE
23.520,-2.967,-0.546,9.286,3.125,-3.612,-1.301,10.000,179.039,0.200,0.034,CIRCLE
23.552,-2.968,-0.540,9.272,3.138,-3.612,-1.301,10.000,179.773,0.200,0.034,CIRCLE
23.584,-2.970,-0.533,9.257,-3.132,-3.612,-1.301,10.000,-179.494,0.200,0.035,CIRCLE
23.616,-2.971,-0.527,9.242,-3.119,-3.612,-1.301,10.000,-178.761,0.200,0.035,CIRCLE
23.648,-2.972,-0.521,9.228,-3.106,-3.612,-1.301,10.000,-178.027,0.200,0.036,CIRCLE
23.680,-2.974,-0.515,9.213,-3.094,-3.612,-1.301,10.000,-177.294,0.200,0.036,CIRCLE
23.712,-2.975,-0.508,9.199,-3.081,-3.612,-1.301,10.000,-176.561,0.200,0.037,CIRCLE
23.744,-2.977,-0.502,9.185,-3.068,-3.612,-1.301,10.000,-175.827,0.200,0.037,CIRCLE
23.776,-2.979,-0.496,9.170,-3.055,-3.612,-1.301,10.000,-175.094,0.200,0.037,CIRCLE
23.808,-2.981,-0.490,9.156,-3.042,-3.612,-1.301,10.000,-174.360,0.200,0.038,CIRCLE
23.840,-2.983,-0.483,9.142,-3.030,-3.612,-1.301,10.000,-173.627,0.200,0.038,CIRCLE
23.872,-2.985,-0.477,9.128,-3.017,-3.612,-1.301,10.000,-172.894,0.200,0.038,CIRCLE
23.904,-2.987,-0.471,9.114,-3.004,-3.612,-1.301,10.000,-172.160,0.200,0.038,CIRCLE
23.936,-2.989,-0.464,9.100,-2.991,-3.612,-1.301,10.000,-171.427,0.200,0.038,CIRCLE
23.968,-2.991,-0.458,9.087,-2.979,-3.612,-1.301,10.000,-170.693,0.200,0.038,CIRCLE
24.000,-2.993,-0.452,9.073,-2.966,-3.612,-1.301,10.000,-169.960,0.200,0.038,CIRCLE
24.032,-2.996,-0.445,9.059,-2.953,-3.612,-1.301,10.000,-169.227,0.200,0.037,CIRCLE
24.064,-2.998,-0.439,9.046,-2.940,-3.612,-1.301,10.000,-168.493,0.200,0.037,CIRCLE
24.096,-3.001,-0.432,9.033,-2.927,-3.612,-1.301,10.000,-167.760,0.200,0.036,CIRCLE
24.128,-3.004,-0.426,9.019,-2.915,-3.612,-1.301,10.000,-167.027,0.200,0.036,CIRCLE
24.160,-3.006,-0.420,9.006,-2.902,-3.612,-1.301,10.000,-166.293,0.200,0.035,CIRCLE
24.192,-3.009,-0.413,8.993,-2.889,-3.612,-1.301,10.000,-165.560,0.200,0.035,CIRCLE
24.224,-3.012,-0.407,8.980,-2.876,-3.612,-1.301,10.000,-164.826,0.200,0.034,CIRCLE
24.256,-3.015,-0.400,8.967,-2.863,-3.612,-1.301,10.000,-164.093,0.200,0.033,CIRCLE
24.288,-3.018,-0.394,8.954,-2.850,-3.612,-1.301,10.000,-163.360,0.200,0.033,CIRCLE
24.320,-3.021,-0.388,8.941,-2.838,-3.612,-1.301,10.000,-162.626,0.200,0.032,CIRCLE
24.352,-3.024,-0.381,8.929,-2.825,-3.612,-1.301,10.000,-161.893,0.200,0.032,CIRCLE
24.384,-3.027,-0.375,8.916,-2.812,-3.612,-1.301,10.000,-161.159,0.200,0.032,CIRCLE
24.416,-3.031,-0.369,8.904,-2.799,-3.612,-1.301,10.000,-160.426,0.200,0.031,CIRCLE
24.448,-3.034,-0.363,8.891,-2.786,-3.612,-1.301,10.000,-159.693,0.200,0.031,CIRCLE
24.480,-3.037,-0.357,8.879,-2.774,-3.612,-1.301,10.000,-158.959,0.200,0.031,CIRCLE
24.512,-3.041,-0.351,8.867,-2.761,-3.612,-1.301,10.000,-158.226,0.200,0.031,CIRCLE
24.544,-3.044,-0.345,8.855,-2.748,-3.612,-1.301,10.000,-157.492,0.200,0.031,CIRCLE
24.576,-3.048,-0.339,8.843,-2.735,-3.612,-1.301,10.000,-156.759,0.200,0.031,CIRCLE
24.608,-3.052,-0.333,8.831,-2.723,-3.612,-1.301,10.000,-156.026,0.200,0.031,CIRCLE
24.640,-3.055,-0.328,8.820,-2.710,-3.612,-1.301,10.000,-155.292,0.200,0.031,CIRCLE
24.672,-3.059,-0.322,8.808,-2.697,-3.612,-1.301,10.000,-154.559,0.200,0.032,CIRCLE
24.704,-3.063,-0.317,8.797,-2.684,-3.612,-1.301,10.000,-153.826,0.200,0.032,CIRCLE
24.736,-3.067,-0.311,8.786,-2.671,-3.612,-1.301,10.000,-153.092,0.200,0.033,CIRCLE
24.768,-3.071,-0.306,8.775,-2.659,-3.612,-1.301,10.000,-152.359,0.200,0.033,CIRCLE
24.800,-3.075,-0.301,8.764,-2.646,-3.612,-1.301,10.000,-151.625,0.200,0.034,CIRCLE
24.832,-3.079,-0.296,8.753,-2.633,-3.612,-1.301,10.000,-150.892,0.200,0.034,CIRCLE
24.864,-3.083,-0.291,8.743,-2.620,-3.612,-1.301,10.000,-150.159,0.200,0.035,CIRCLE
24.896,-3.087,-0.286,8.732,-2.607,-3.612,-1.301,10.000,-149.425,0.200,0.036,CIRCLE
24.928,-3.092,-0.281,8.722,-2.594,-3.612,-1.301,10.000,-148.692,0.200,0.036,CIRCLE
24.960,-3.096,-0.276,8.712,-2.581,-3.612,-1.301,10.000,-147.958,0.200,0.037,CIRCLE
24.992,-3.100,-0.272,8.702,-2.569,-3.612,-1.301,10.000,-147.225,0.200,0.037,CIRCLE
25.024,-3.105,-0.267,8.692,-2.556,-3.612,-1.301,10.000,-146.492,0.200,0.037,CIRCLE
25.056,-3.109,-0.262,8.683,-2.543,-3.612,-1.301,10.000,-145.758,0.200,0.038,CIRCLE
25.088,-3.114,-0.258,8.673,-2.530,-3.612,-1.301,10.000,-145.025,0.200,0.038,CIRCLE
25.120,-3.119,-0.253,8.664,-2.517,-3.612,-1.301,10.000,-144.292,0.200,0.038,CIRCLE
25.152,-3.124,-0.249,8.655,-2.505,-3.612,-1.301,10.000,-143.558,0.200,0.038,CIRCLE
25.184,-3.129,-0.245,8.646,-2.492,-3.612,-1.301,10.000,-142.825,0.200,0.038,CIRCLE
25.216,-3.134,-0.240,8.638,-2.479,-3.612,-1.301,10.000,-142.091,0.200,0.038,CIRCLE
25.248,-3.139,-0.236,8.629,-2.466,-3.612,-1.301,10.000,-141.358,0.200,0.037,CIRCLE
25.280,-3.144,-0.231,8.621,-2.454,-3.612,-1.301,10.000,-140.625,0.200,0.037,CIRCLE
25.312,-3.149,-0.227,8.613,-2.441,-3.612,-1.301,10.000,-139.891,0.200,0.037,CIRCLE
25.344,-3.154,-0.223,8.605,-2.428,-3.612,-1.301,10.000,-139.158,0.200,0.036,CIRCLE
25.376,-3.159,-0.219,8.597,-2.415,-3.612,-1.301,10.000,-138.424,0.200,0.035,CIRCLE
25.408,-3.165,-0.214,8.589,-2.403,-3.612,-1.301,10.000,-137.691,0.200,0.035,CIRCLE
25.440,-3.170,-0.210,8.581,-2.390,-3.612,-1.301,10.000,-136.958,0.200,0.034,CIRCLE
25.472,-3.176,-0.206,8.574,-2.377,-3.612,-1.301,10.000,-136.224,0.200,0.033,CIRCLE
25.504,-3.181,-0.202,8.567,-2.364,-3.612,-1.301,10.000,-135.491,0.200,0.032,CIRCLE
25.536,-3.187,-0.198,8.560,-2.351,-3.612,-1.301,10.000,-134.757,0.200,0.032,CIRCLE
25.568,-3.192,-0.194,8.553,-2.338,-3.612,-1.301,10.000,-134.024,0.200,0.031,CIRCLE
25.600,-3.198,-0.190,8.546,-2.325,-3.612,-1.301,10.000,-133.291,0.200,0.030,CIRCLE
25.632,-3.204,-0.186,8.539,-2.313,-3.612,-1.301,10.000,-132.557,0.200,0.030,CIRCLE
25.664,-3.209,-0.182,8.533,-2.300,-3.612,-1.301,10.000,-131.824,0.200,0.029,CIRCLE
25.696,-3.215,-0.178,8.527,-2.287,-3.612,-1.301,10.000,-131.091,0.200,0.029,CIRCLE
25.728,-3.221,-0.175,8.520,-2.274,-3.612,-1.301,10.000,-130.357,0.200,0.029,CIRCLE
25.760,-3.227,-0.171,8.515,-2.261,-3.612,-1.301,10.000,-129.624,0.200,0.029,CIRCLE
25.792,-3.233,-0.167,8.509,-2.249,-3.612,-1.301,10.000,-128.890,0.200,0.029,CIRCLE
25.824,-3.238,-0.164,8.503,-2.236,-3.612,-1.301,10.000,-128.157,0.200,0.029,CIRCLE
25.856,-3.244,-0.161,8.498,-2.223,-3.612,-1.301,10.000,-127.424,0.200,0.029,CIRCLE
25.888,-3.250,-0.157,8.493,-2.210,-3.612,-1.301,10.000,-126.690,0.200,0.029,CIRCLE
25.920,-3.256,-0.154,8.488,-2.198,-3.612,-1.301,10.000,-125.957,0.200,0.030,CIRCLE
25.952,-3.262,-0.151,8.483,-2.185,-3.612,-1.301,10.000,-125.223,0.200,0.030,CIRCLE
25.984,-3.268,-0.148,8.479,-2.172,-3.612,-1.301,10.000,-124.490,0.200,0.031,CIRCLE
26.016,-3.274,-0.145,8.474,-2.159,-3.612,-1.301,10.000,-123.757,0.200,0.031,CIRCLE
26.048,-3.280,-0.143,8.470,-2.146,-3.612,-1.301,10.000,-123.023,0.200,0.032,CIRCLE
26.080,-3.287,-0.140,8.466,-2.134,-3.612,-1.301,10.000,-122.290,0.200,0.033,CIRCLE
26.112,-3.293,-0.137,8.463,-2.121,-3.612,-1.301,10.000,-121.557,0.200,0.033,CIRCLE
26.144,-3.299,-0.135,8.460,-2.108,-3.612,-1.301,10.000,-120.823,0.200,0.034,CIRCLE
26.176,-3.305,-0.133,8.456,-2.095,-3.612,-1.301,10.000,-120.090,0.200,0.035,CIRCLE
26.208,-3.311,-0.131,8.454,-2.082,-3.612,-1.301,10.000,-119.356,0.200,0.035,CIRCLE
26.240,-3.317,-0.129,8.451,-2.069,-3.612,-1.301,10.000,-118.623,0.200,0.036,CIRCLE
26.272,-3.324,-0.127,8.448,-2.056,-3.612,-1.301,10.000,-117.890,0.200,0.037,CIRCLE
26.304,-3.330,-0.125,8.446,-2.044,-3.612,-1.301,10.000,-117.156,0.200,0.037,CIRCLE
26.336,-3.336,-0.123,8.444,-2.031,-3.612,-1.301,10.000,-116.423,0.200,0.038,CIRCLE
26.368,-3.343,-0.121,8.443,-2.018,-3.612,-1.301,10.000,-115.689,0.200,0.038,CIRCLE
26.400,-3.349,-0.120,8.441,-2.005,-3.612,-1.301,10.000,-114.956,0.200,0.038,CIRCLE
26.432,-3.355,-0.118,8.440,-1.993,-3.612,-1.301,10.000,-114.223,0.200,0.038,CIRCLE
26.464,-3.362,-0.117,8.439,-1.980,-3.612,-1.301,10.000,-113.489,0.200,0.038,CIRCLE
26.496,-3.368,-0.115,8.438,-1.967,-3.612,-1.301,10.000,-112.756,0.200,0.038,CIRCLE
26.528,-3.375,-0.114,8.437,-1.954,-3.612,-1.301,10.000,-112.023,0.200,0.038,CIRCLE
26.560,-3.381,-0.113,8.437,-1.942,-3.612,-1.301,10.000,-111.289,0.200,0.037,CIRCLE
26.592,-3.388,-0.111,8.436,-1.929,-3.612,-1.301,10.000,-110.556,0.200,0.037,CIRCLE
26.624,-3.394,-0.110,8.436,-1.916,-3.612,-1.301,10.000,-109.822,0.200,0.036,CIRCLE
26.656,-3.401,-0.109,8.437,-1.903,-3.612,-1.301,10.000,-109.089,0.200,0.035,CIRCLE
26.688,-3.408,-0.108,8.437,-1.890,-3.612,-1.301,10.000,-108.356,0.200,0.035,CIRCLE
26.720,-3.414,-0.107,8.438,-1.878,-3.612,-1.301,10.000,-107.622,0.200,0.034,CIRCLE
26.752,-3.421,-0.106,8.438,-1.865,-3.612,-1.301,10.000,-106.889,0.200,0.033,CIRCLE
26.784,-3.428,-0.105,8.439,-1.852,-3.612,-1.301,10.000,-106.155,0.200,0.032,CIRCLE
26.816,-3.434,-0.105,8.440,-1.839,-3.612,-1.301,10.000,-105.422,0.200,0.031,CIRCLE
26.848,-3.441,-0.104,8.442,-1.826,-3.612,-1.301,10.000,-104.689,0.200,0.030,CIRCLE
26.880,-3.448,-0.103,8.443,-1.813,-3.612,-1.301,10.000,-103.955,0.200,0.030,CIRCLE
26.912,-3.455,-0.102,8.445,-1.801,-3.612,-1.301,10.000,-103.222,0.200,0.029,CIRCLE
26.944,-3.461,-0.102,8.447,-1.788,-3.612,-1.301,10.000,-102.488,0.200,0.028,CIRCLE
26.976,-3.468,-0.101,8.449,-1.775,-3.612,-1.301,10.000,-101.755,0.200,0.028,CIRCLE
27.008,-3.475,-0.101,8.452,-1.762,-3.612,-1.301,10.000,-101.022,0.200,0.027,CIRCLE
27.040,-3.482,-0.101,8.455,-1.749,-3.612,-1.301,10.000,-100.288,0.200,0.027,CIRCLE
27.072,-3.488,-0.100,8.457,-1.737,-3.612,-1.301,10.000,-99.555,0.200,0.027,CIRCLE
27.104,-3.495,-0.100,8.461,-1.724,-3.612,-1.301,10.000,-98.822,0.200,0.027,CIRCLE
27.136,-3.502,-0.100,8.464,-1.711,-3.612,-1.301,10.000,-98.088,0.200,0.027,CIRCLE
27.168,-3.509,-0.100,8.467,-1.698,-3.612,-1.301,10.000,-97.355,0.200,0.027,CIRCLE
27.200,-3.515,-0.100,8.471,-1.685,-3.612,-1.301,10.000,-96.621,0.200,0.028,CIRCLE
27.232,-3.522,-0.101,8.475,-1.673,-3.612,-1.301,10.000,-95.888,0.200,0.028,CIRCLE
27.264,-3.529,-0.101,8.480,-1.660,-3.612,-1.301,10.000,-95.155,0.200,0.029,CIRCLE
27.296,-3.535,-0.101,8.484,-1.647,-3.612,-1.301,10.000,-94.421,0.200,0.029,CIRCLE
27.328,-3.542,-0.102,8.489,-1.634,-3.612,-1.301,10.000,-93.688,0.200,0.030,CIRCLE
27.360,-3.548,-0.102,8.494,-1.621,-3.612,-1.301,10.000,-92.954,0.200,0.031,CIRCLE
27.392,-3.555,-0.103,8.500,-1.609,-3.612,-1.301,10.000,-92.221,0.200,0.032,CIRCLE
27.424,-3.561,-0.104,8.505,-1.596,-3.612,-1.301,10.000,-91.488,0.200,0.032,CIRCLE
27.456,-3.568,-0.105,8.511,-1.583,-3.612,-1.301,10.000,-90.754,0.200,0.033,CIRCLE
27.488,-3.574,-0.106,8.517,-1.570,-3.612,-1.301,10.000,-90.021,0.200,0.034,CIRCLE
27.520,-3.581,-0.107,8.524,-1.557,-3.612,-1.301,10.000,-89.288,0.200,0.035,CIRCLE
27.552,-3.587,-0.109,8.530,-1.544,-3.612,-1.301,10.000,-88.554,0.200,0.036,CIRCLE
27.584,-3.594,-0.110,8.537,-1.532,-3.612,-1.301,10.000,-87.821,0.200,0.036,CIRCLE
27.616,-3.600,-0.112,8.544,-1.519,-3.612,-1.301,10.000,-87.087,0.200,0.037,CIRCLE
27.648,-3.607,-0.113,8.552,-1.506,-3.612,-1.301,10.000,-86.354,0.200,0.037,CIRCLE
27.680,-3.613,-0.115,8.560,-1.493,-3.612,-1.301,10.000,-85.621,0.200,0.038,CIRCLE
27.712,-3.620,-0.117,8.568,-1.481,-3.612,-1.301,10.000,-84.887,0.200,0.038,CIRCLE
27.744,-3.626,-0.119,8.576,-1.468,-3.612,-1.301,10.000,-84.154,0.200,0.038,CIRCLE
27.776,-3.632,-0.121,8.584,-1.455,-3.612,-1.301,10.000,-83.420,0.200,0.038,CIRCLE
27.808,-3.639,-0.123,8.593,-1.442,-3.612,-1.301,10.000,-82.687,0.200,0.038,CIRCLE
27.840,-3.645,-0.125,8.602,-1.430,-3.612,-1.301,10.000,-81.954,0.200,0.038,CIRCLE
27.872,-3.651,-0.127,8.611,-1.417,-3.612,-1.301,10.000,-81.220,0.200,0.037,CIRCLE
27.904,-3.658,-0.129,8.620,-1.404,-3.612,-1.301,10.000,-80.487,0.200,0.037,CIRCLE
27.936,-3.664,-0.132,8.629,-1.391,-3.612,-1.301,10.000,-79.754,0.200,0.036,CIRCLE
27.968,-3.670,-0.134,8.639,-1.378,-3.612,-1.301,10.000,-79.020,0.200,0.035,CIRCLE
28.000,-3.677,-0.136,8.649,-1.366,-3.612,-1.301,10.000,-78.287,0.200,0.034,CIRCLE
28.032,-3.683,-0.139,8.659,-1.353,-3.612,-1.301,10.000,-77.553,0.200,0.034,CIRCLE
28.064,-3.689,-0.141,8.669,-1.340,-3.612,-1.301,10.000,-76.820,0.200,0.033,CIRCLE
28.096,-3.695,-0.144,8.680,-1.327,-3.612,-1.301,10.000,-76.087,0.200,0.032,CIRCLE
28.128,-3.701,-0.147,8.691,-1.314,-3.612,-1.301,10.000,-75.353,0.200,0.031,CIRCLE
28.160,-3.707,-0.149,8.701,-1.301,-3.612,-1.301,10.000,-74.620,0.200,0.030,CIRCLE
28.192,-3.714,-0.152,8.712,-1.289,-3.612,-1.301,10.000,-73.886,0.200,0.029,CIRCLE
28.224,-3.720,-0.155,8.724,-1.276,-3.612,-1.301,10.000,-73.153,0.200,0.028,CIRCLE
28.256,-3.726,-0.158,8.735,-1.263,-3.612,-1.301,10.000,-72.420,0.200,0.028,CIRCLE
28.288,-3.732,-0.161,8.747,-1.250,-3.612,-1.301,10.000,-71.686,0.200,0.027,CIRCLE
28.320,-3.738,-0.164,8.758,-1.237,-3.612,-1.301,10.000,-70.953,0.200,0.027,CIRCLE
28.352,-3.743,-0.167,8.771,-1.225,-3.612,-1.301,10.000,-70.219,0.200,0.026,CIRCLE
28.384,-3.749,-0.170,8.783,-1.212,-3.612,-1.301,10.000,-69.486,0.200,0.026,CIRCLE
28.416,-3.755,-0.173,8.795,-1.199,-3.612,-1.301,10.000,-68.753,0.200,0.026,CIRCLE
28.448,-3.761,-0.176,8.808,-1.186,-3.612,-1.301,10.000,-68.019,0.200,0.026,CIRCLE
28.480,-3.766,-0.179,8.821,-1.174,-3.612,-1.301,10.000,-67.286,0.200,0.026,CIRCLE
28.512,-3.772,-0.183,8.834,-1.161,-3.612,-1.301,10.000,-66.553,0.200,0.027,CIRCLE
28.544,-3.778,-0.186,8.847,-1.148,-3.612,-1.301,10.000,-65.819,0.200,0.027,CIRCLE
28.576,-3.783,-0.190,8.861,-1.135,-3.612,-1.301,10.000,-65.086,0.200,0.028,CIRCLE
28.608,-3.788,-0.193,8.874,-1.122,-3.612,-1.301,10.000,-64.352,0.200,0.029,CIRCLE
28.640,-3.794,-0.197,8.888,-1.109,-3.612,-1.301,10.000,-63.619,0.200,0.029,CIRCLE
28.672,-3.799,-0.201,8.903,-1.097,-3.612,-1.301,10.000,-62.886,0.200,0.030,CIRCLE
28.704,-3.804,-0.205,8.917,-1.084,-3.612,-1.301,10.000,-62.152,0.200,0.031,CIRCLE
28.736,-3.810,-0.209,8.931,-1.071,-3.612,-1.301,10.000,-61.419,0.200,0.032,CIRCLE
28.768,-3.815,-0.213,8.946,-1.058,-3.612,-1.301,10.000,-60.685,0.200,0.033,CIRCLE
28.800,-3.820,-0.217,8.961,-1.045,-3.612,-1.301,10.000,-59.952,0.200,0.034,CIRCLE
28.832,-3.825,-0.221,8.976,-1.032,-3.612,-1.301,10.000,-59.219,0.200,0.035,CIRCLE
28.864,-3.830,-0.226,8.990,-1.020,-3.612,-1.301,10.000,-58.485,0.200,0.036,CIRCLE
28.896,-3.835,-0.230,9.005,-1.007,-3.612,-1.301,10.000,-57.752,0.200,0.037,CIRCLE
28.928,-3.839,-0.235,9.020,-0.994,-3.612,-1.301,10.000,-57.019,0.200,0.038,CIRCLE
28.960,-3.844,-0.239,9.035,-0.981,-3.612,-1.301,10.000,-56.285,0.200,0.039,CIRCLE
28.992,-3.849,-0.244,9.050,-0.969,-3.612,-1.301,10.000,-55.552,0.200,0.039,CIRCLE
29.024,-3.854,-0.249,9.064,-0.956,-3.612,-1.301,10.000,-54.818,0.200,0.040,CIRCLE
29.056,-3.858,-0.254,9.079,-0.943,-3.612,-1.301,10.000,-54.085,0.200,0.040,CIRCLE
29.088,-3.863,-0.259,9.094,-0.930,-3.612,-1.301,10.000,-53.352,0.200,0.040,CIRCLE
29.120,-3.867,-0.264,9.108,-0.918,-3.612,-1.301,10.000,-52.618,0.200,0.040,CIRCLE
29.152,-3.872,-0.269,9.123,-0.905,-3.612,-1.301,10.000,-51.885,0.200,0.040,CIRCLE
29.184,-3.876,-0.274,9.137,-0.892,-3.612,-1.301,10.000,-51.151,0.200,0.039,CIRCLE
29.216,-3.881,-0.280,9.151,-0.879,-3.612,-1.301,10.000,-50.418,0.200,0.039,CIRCLE
29.248,-3.885,-0.285,9.165,-0.866,-3.612,-1.301,10.000,-49.685,0.200,0.038,CIRCLE
29.280,-3.889,-0.290,9.179,-0.854,-3.612,-1.301,10.000,-48.951,0.200,0.037,CIRCLE
29.312,-3.893,-0.296,9.193,-0.841,-3.612,-1.301,10.000,-48.218,0.200,0.036,CIRCLE
29.344,-3.898,-0.301,9.206,-0.828,-3.612,-1.301,10.000,-47.484,0.200,0.035,CIRCLE
29.376,-3.902,-0.306,9.220,-0.815,-3.612,-1.301,10.000,-46.751,0.200,0.034,CIRCLE
29.408,-3.906,-0.312,9.233,-0.802,-3.612,-1.301,10.000,-46.018,0.200,0.033,CIRCLE
29.440,-3.910,-0.317,9.246,-0.789,-3.612,-1.301,10.000,-45.284,0.200,0.032,CIRCLE
29.472,-3.914,-0.323,9.259,-0.777,-3.612,-1.301,10.000,-44.551,0.200,0.031,CIRCLE
29.504,-3.918,-0.328,9.272,-0.764,-3.612,-1.301,10.000,-43.818,0.200,0.030,CIRCLE
29.536,-3.922,-0.333,9.285,-0.751,-3.612,-1.301,10.000,-43.084,0.200,0.029,CIRCLE
29.568,-3.925,-0.339,9.297,-0.738,-3.612,-1.301,10.000,-42.351,0.200,0.028,CIRCLE
29.600,-3.929,-0.344,9.309,-0.726,-3.612,-1.301,10.000,-41.617,0.200,0.027,CIRCLE
29.632,-3.932,-0.350,9.321,-0.713,-3.612,-1.301,10.000,-40.884,0.200,0.027,CIRCLE
29.664,-3.936,-0.355,9.333,-0.700,-3.612,-1.301,10.000,-40.151,0.200,0.027,CIRCLE
29.696,-3.939,-0.361,9.345,-0.687,-3.612,-1.301,10.000,-39.417,0.200,0.027,CIRCLE
29.728,-3.943,-0.366,9.357,-0.675,-3.612,-1.301,10.000,-38.684,0.200,0.027,CIRCLE
29.760,-3.946,-0.372,9.369,-0.662,-3.612,-1.301,10.000,-37.950,0.200,0.027,CIRCLE
29.792,-3.949,-0.377,9.380,-0.649,-3.612,-1.301,10.000,-37.217,0.200,0.027,CIRCLE
29.824,-3.952,-0.383,9.391,-0.636,-3.612,-1.301,10.000,-36.484,0.200,0.028,CIRCLE
29.856,-3.955,-0.389,9.403,-0.623,-3.612,-1.301,10.000,-35.750,0.200,0.028,CIRCLE
29.888,-3.958,-0.394,9.414,-0.610,-3.612,-1.301,10.000,-35.017,0.200,0.029,CIRCLE
29.920,-3.961,-0.400,9.425,-0.598,-3.612,-1.301,10.000,-34.284,0.200,0.030,CIRCLE
29.952,-3.963,-0.406,9.436,-0.585,-3.612,-1.301,10.000,-33.550,0.200,0.031,CIRCLE
29.984,-3.966,-0.412,9.447,-0.572,-3.612,-1.301,10.000,-32.817,0.200,0.032,CIRCLE
30.016,-3.968,-0.418,9.457,-0.559,-3.612,-1.301,10.000,-32.083,0.200,0.033,CIRCLE
30.048,-3.971,-0.424,9.468,-0.546,-3.612,-1.301,10.000,-31.350,0.200,0.034,CIRCLE
30.080,-3.973,-0.430,9.479,-0.533,-3.612,-1.301,10.000,-30.617,0.200,0.036,CIRCLE
30.112,-3.975,-0.436,9.489,-0.520,-3.612,-1.301,10.000,-29.883,0.200,0.037,CIRCLE
30.144,-3.977,-0.442,9.500,-0.508,-3.612,-1.301,10.000,-29.150,0.200,0.038,CIRCLE
30.176,-3.979,-0.448,9.510,-0.495,-3.612,-1.301,10.000,-28.416,0.200,0.039,CIRCLE
30.208,-3.981,-0.455,9.520,-0.482,-3.612,-1.301,10.000,-27.683,0.200,0.040,CIRCLE
30.240,-3.983,-0.461,9.530,-0.469,-3.612,-1.301,10.000,-26.950,0.200,0.040,CIRCLE
30.272,-3.985,-0.468,9.540,-0.457,-3.612,-1.301,10.000,-26.216,0.200,0.041,CIRCLE
30.304,-3.986,-0.474,9.550,-0.444,-3.612,-1.301,10.000,-25.483,0.200,0.041,CIRCLE
30.336,-3.988,-0.481,9.560,-0.431,-3.612,-1.301,10.000,-24.750,0.200,0.042,CIRCLE
30.368,-3.989,-0.488,9.570,-0.419,-3.612,-1.301,10.000,-24.016,0.200,0.042,CIRCLE
30.400,-3.991,-0.494,9.580,-0.406,-3.612,-1.301,10.000,-23.283,0.200,0.042,CIRCLE
30.432,-3.992,-0.501,9.589,-0.393,-3.612,-1.301,10.000,-22.549,0.200,0.042,CIRCLE
30.464,-3.993,-0.508,9.599,-0.380,-3.612,-1.301,10.000,-21.816,0.200,0.041,CIRCLE
30.496,-3.995,-0.515,9.608,-0.368,-3.612,-1.301,10.000,-21.083,0.200,0.041,CIRCLE
30.528,-3.996,-0.522,9.617,-0.355,-3.612,-1.301,10.000,-20.349,0.200,0.040,CIRCLE
30.560,-3.997,-0.529,9.626,-0.342,-3.612,-1.301,10.000,-19.616,0.200,0.039,CIRCLE
30.592,-3.998,-0.535,9.635,-0.329,-3.612,-1.301,10.000,-18.882,0.200,0.039,CIRCLE
30.624,-3.999,-0.542,9.644,-0.316,-3.612,-1.301,10.000,-18.149,0.200,0.038,CIRCLE
30.656,-4.000,-0.549,9.653,-0.303,-3.612,-1.301,10.000,-17.416,0.200,0.037,CIRCLE
30.688,-4.001,-0.556,9.661,-0.290,-3.612,-1.301,10.000,-16.682,0.200,0.036,CIRCLE
30.720,-4.002,-0.563,9.669,-0.278,-3.612,-1.301,10.000,-15.949,0.200,0.035,CIRCLE
30.752,-4.002,-0.570,9.678,-0.265,-3.612,-1.301,10.000,-15.215,0.200,0.034,CIRCLE
30.784,-4.003,-0.576,9.686,-0.252,-3.612,-1.301,10.000,-14.482,0.200,0.033,CIRCLE
30.816,-4.003,-0.583,9.694,-0.239,-3.612,-1.301,10.000,-13.749,0.200,0.032,CIRCLE
